method,metric,mean,std,ci95_low,ci95_high,n_folds
global_only,slice_class_1_sensitivity,0.4384074971372019,0.1548914667722678,0.36002159982346055,0.5167933944509432,15
global_only,slice_class_1_specificity,0.6144924532211774,0.16357374008006073,0.5317127193834711,0.6972721870588837,15
global_only,slice_class_2_sensitivity,0.34122428596660126,0.0999181410556248,0.2906587299177226,0.3917898420154799,15
global_only,slice_class_2_specificity,0.7017958898261137,0.09597026407212801,0.6532282351870697,0.7503635444651577,15
global_only,slice_class_3_sensitivity,0.2979129149812981,0.12707874914836356,0.23360219477778982,0.36222363518480644,15
global_only,slice_class_3_specificity,0.7225048829198408,0.10895002055636736,0.6673685652024953,0.7776412006371863,15
global_only,slice_class_1_precision,0.2614992455761437,0.08981640039529748,0.2160458756443652,0.3069526155079222,15
global_only,slice_class_1_recall,0.4384074971372019,0.1548914667722678,0.36002159982346055,0.5167933944509432,15
global_only,slice_class_1_f1,0.31878097362223834,0.0991399821577156,0.2686092203097943,0.3689527269346824,15
global_only,slice_class_1_support,141.6,48.59276842141373,117.00866624194612,166.19133375805387,15
global_only,slice_class_2_precision,0.4930191077111304,0.129210260942895,0.4276296937091133,0.5584085217131475,15
global_only,slice_class_2_recall,0.34122428596660126,0.0999181410556248,0.2906587299177226,0.3917898420154799,15
global_only,slice_class_2_f1,0.38476715839169856,0.07083509358673928,0.3489196550540032,0.42061466172939393,15
global_only,slice_class_2_support,285.2,96.821042577088,236.2017920327692,334.1982079672308,15
global_only,slice_class_3_precision,0.31855258427604166,0.07504926488952958,0.2805724160092401,0.3565327525428432,15
global_only,slice_class_3_recall,0.2979129149812981,0.12707874914836356,0.23360219477778982,0.36222363518480644,15
global_only,slice_class_3_f1,0.28900292562236823,0.09187372887631784,0.24250840382848618,0.33549744741625026,15
global_only,slice_class_3_support,186.0,37.981198356179185,166.77886163620894,205.22113836379106,15
global_only,patient_class_1_sensitivity,0.5667117288169919,0.19365323921715544,0.46870966814784254,0.6647137894861413,15
global_only,patient_class_1_specificity,0.5868747339293316,0.26659941563186695,0.45195681460748727,0.721792653251176,15
global_only,patient_class_2_sensitivity,0.3686977058029689,0.21960538256847806,0.25756204851807296,0.47983336308786484,15
global_only,patient_class_2_specificity,0.7334429100194438,0.1697532632791879,0.6475359059645419,0.8193499140743458,15
global_only,patient_class_3_sensitivity,0.31127946127946127,0.20089870782826416,0.20961068758618295,0.4129482349727396,15
global_only,patient_class_3_specificity,0.80308186399268,0.15769868020649772,0.7232753206706157,0.8828884073147443,15
global_only,patient_class_1_precision,0.4583807771754333,0.12994974443308796,0.39261713289375405,0.5241444214571126,15
global_only,patient_class_1_recall,0.5667117288169919,0.19365323921715544,0.46870966814784254,0.6647137894861413,15
global_only,patient_class_1_f1,0.4794684379841262,0.08450166719079896,0.43670469414924734,0.5222321818190051,15
global_only,patient_class_1_support,16.4,3.5010202594590707,14.628239293809685,18.171760706190312,15
global_only,patient_class_2_precision,0.49089085517656944,0.20117799079824994,0.38550737903084376,0.5962743313222951,14
global_only,patient_class_2_recall,0.3686977058029689,0.21960538256847806,0.25756204851807296,0.47983336308786484,15
global_only,patient_class_2_f1,0.3541389389787285,0.1690822738995242,0.2685715024010347,0.4397063755564223,15
global_only,patient_class_2_support,17.8,4.693460496112802,15.424781273229769,20.175218726770233,15
global_only,patient_class_3_precision,0.3864575595344827,0.09963089500145636,0.3322975880672277,0.4406175310017377,13
global_only,patient_class_3_recall,0.31127946127946127,0.20089870782826416,0.20961068758618295,0.4129482349727396,15
global_only,patient_class_3_f1,0.30075832679341447,0.13266778595543657,0.2336191637171553,0.36789748986967363,15
global_only,patient_class_3_support,12.4,2.4142434484888695,11.1782242431608,13.6217757568392,15
global_only,small_slice_macro_f1,0.3014373074973594,0.0331782620189754,0.2846467902799613,0.3182278247147575,15
global_only,medium_slice_macro_f1,0.3536022526378303,0.05557243000841605,0.3254787227695296,0.381725782506131,15
global_only,large_slice_macro_f1,0.2764782254549449,0.04673142871147287,0.2528288595561271,0.30012759135376266,15
local_only,slice_class_1_sensitivity,0.38155445324060083,0.22759795963181603,0.2663739938887188,0.49673491259248287,15
local_only,slice_class_1_specificity,0.6278969197801437,0.21865055732563726,0.5172444707377517,0.7385493688225357,15
local_only,slice_class_2_sensitivity,0.34672587730170984,0.22259926275863867,0.23407510759618833,0.45937664700723135,15
local_only,slice_class_2_specificity,0.653784194917751,0.2195644999394436,0.5426692270977312,0.7648991627377707,15
local_only,slice_class_3_sensitivity,0.265562581852775,0.1712038070483992,0.1789215013680226,0.35220366233752737,15
local_only,slice_class_3_specificity,0.7191926774736839,0.1964677180995202,0.6197662939721533,0.8186190609752144,15
local_only,slice_class_1_precision,0.22132213580456303,0.10845824218353528,0.16643469228175667,0.2762095793273694,15
local_only,slice_class_1_recall,0.38155445324060083,0.22759795963181603,0.2663739938887188,0.49673491259248287,15
local_only,slice_class_1_f1,0.27140270171538383,0.1317291949450042,0.20473853122649247,0.3380668722042752,15
local_only,slice_class_1_support,141.6,48.59276842141373,117.00866624194612,166.19133375805387,15
local_only,slice_class_2_precision,0.4832410369639159,0.11990716230748284,0.4225596404500875,0.5439224334777444,15
local_only,slice_class_2_recall,0.34672587730170984,0.22259926275863867,0.23407510759618833,0.45937664700723135,15
local_only,slice_class_2_f1,0.35265686526639256,0.15417109983734534,0.274635523920554,0.4306782066122311,15
local_only,slice_class_2_support,285.2,96.821042577088,236.2017920327692,334.1982079672308,15
local_only,slice_class_3_precision,0.3122440386623431,0.11459070742111027,0.2542531395366571,0.37023493778802913,15
local_only,slice_class_3_recall,0.265562581852775,0.1712038070483992,0.1789215013680226,0.35220366233752737,15
local_only,slice_class_3_f1,0.24216426449635292,0.11260305990719613,0.18517925379801756,0.2991492751946883,15
local_only,slice_class_3_support,186.0,37.981198356179185,166.77886163620894,205.22113836379106,15
local_only,patient_class_1_sensitivity,0.37489987595250757,0.30712393883772754,0.2194737183080621,0.5303260335969531,15
local_only,patient_class_1_specificity,0.596959572462446,0.3169800871077528,0.4365455155986129,0.7573736293262792,15
local_only,patient_class_2_sensitivity,0.3473189383715699,0.34397209686103447,0.17324503988506665,0.5213928368580731,15
local_only,patient_class_2_specificity,0.656678174854171,0.31281670641073017,0.49837107932652724,0.8149852703818148,15
local_only,patient_class_3_sensitivity,0.21182336182336184,0.2705810640671144,0.0748904503790424,0.34875627326768127,15
local_only,patient_class_3_specificity,0.7289472670876845,0.3004605599249609,0.5768932444362314,0.8810012897391377,15
local_only,patient_class_1_precision,0.33426951518734815,0.1440077630006579,0.25598600348081535,0.41255302689388096,13
local_only,patient_class_1_recall,0.37489987595250757,0.30712393883772754,0.2194737183080621,0.5303260335969531,15
local_only,patient_class_1_f1,0.3041194364684346,0.19226216035672197,0.2068213588332219,0.4014175141036473,15
local_only,patient_class_1_support,16.4,3.5010202594590707,14.628239293809685,18.171760706190312,15
local_only,patient_class_2_precision,0.39999183361085583,0.13840580257036733,0.3181992311353582,0.48178443608635346,11
local_only,patient_class_2_recall,0.3473189383715699,0.34397209686103447,0.17324503988506665,0.5213928368580731,15
local_only,patient_class_2_f1,0.26975122449655703,0.20687012912895608,0.16506049467717834,0.37444195431593574,15
local_only,patient_class_2_support,17.8,4.693460496112802,15.424781273229769,20.175218726770233,15
local_only,patient_class_3_precision,0.19567192067192066,0.19963966987636303,0.08271514387075536,0.30862869747308597,12
local_only,patient_class_3_recall,0.21182336182336184,0.2705810640671144,0.0748904503790424,0.34875627326768127,15
local_only,patient_class_3_f1,0.14208179475327992,0.15909365228701416,0.06156929815607712,0.22259429135048273,15
local_only,patient_class_3_support,12.4,2.4142434484888695,11.1782242431608,13.6217757568392,15
local_only,small_slice_macro_f1,0.2610919474091474,0.06189554926019564,0.22976847769457184,0.29241541712372293,15
local_only,medium_slice_macro_f1,0.29989679325732804,0.0513131711406145,0.2739287457742191,0.325864840740437,15
local_only,large_slice_macro_f1,0.2659289154372667,0.06745177100732416,0.23179360956154785,0.3000642213129856,15
fixed_4g_4l,slice_class_1_sensitivity,0.424280181070557,0.21325500544176323,0.31635825801990436,0.5322021041212096,15
fixed_4g_4l,slice_class_1_specificity,0.5798528943235479,0.2259147237135582,0.46552426987640827,0.6941815187706876,15
fixed_4g_4l,slice_class_2_sensitivity,0.2813166025614162,0.2539662393131171,0.15279195255455524,0.4098412525682772,15
fixed_4g_4l,slice_class_2_specificity,0.707771967514174,0.24059399566952214,0.5860146064932343,0.8295293285351137,15
fixed_4g_4l,slice_class_3_sensitivity,0.28024066240741746,0.1871799792565434,0.1855145232666226,0.3749668015482123,15
fixed_4g_4l,slice_class_3_specificity,0.7011422387876254,0.2156081705477411,0.5920294498861725,0.8102550276890783,15
fixed_4g_4l,slice_class_1_precision,0.23670097368727416,0.0756231129294044,0.19843039824398523,0.2749715491305631,15
fixed_4g_4l,slice_class_1_recall,0.424280181070557,0.21325500544176323,0.31635825801990436,0.5322021041212096,15
fixed_4g_4l,slice_class_1_f1,0.28464016416250426,0.12147780678858708,0.22316391187270693,0.3461164164523016,15
fixed_4g_4l,slice_class_1_support,141.6,48.59276842141373,117.00866624194612,166.19133375805387,15
fixed_4g_4l,slice_class_2_precision,0.4173011724580906,0.12164912647833204,0.3557382204430727,0.47886412447310855,15
fixed_4g_4l,slice_class_2_recall,0.2813166025614162,0.2539662393131171,0.15279195255455524,0.4098412525682772,15
fixed_4g_4l,slice_class_2_f1,0.2784067477928789,0.18711691815819045,0.18371252197102272,0.37310097361473504,15
fixed_4g_4l,slice_class_2_support,285.2,96.821042577088,236.2017920327692,334.1982079672308,15
fixed_4g_4l,slice_class_3_precision,0.3068325571070693,0.10444492803985991,0.25397613076622594,0.35968898344791267,15
fixed_4g_4l,slice_class_3_recall,0.28024066240741746,0.1871799792565434,0.1855145232666226,0.3749668015482123,15
fixed_4g_4l,slice_class_3_f1,0.23976106974096675,0.10654699754309158,0.18584084945678805,0.2936812900251455,15
fixed_4g_4l,slice_class_3_support,186.0,37.981198356179185,166.77886163620894,205.22113836379106,15
fixed_4g_4l,patient_class_1_sensitivity,0.4548413964203438,0.3356380973009046,0.28498508362365516,0.6246977092170325,15
fixed_4g_4l,patient_class_1_specificity,0.5966240193395367,0.3169971845342528,0.43620130998408546,0.7570467286949879,15
fixed_4g_4l,patient_class_2_sensitivity,0.29308367071524966,0.354757903206543,0.11355140111080755,0.4726159403196918,15
fixed_4g_4l,patient_class_2_specificity,0.744558764963572,0.32117579818565134,0.5820213853333929,0.9070961445937511,15
fixed_4g_4l,patient_class_3_sensitivity,0.3193117068117068,0.2770751290124076,0.17909234506409885,0.4595310685593147,15
fixed_4g_4l,patient_class_3_specificity,0.693529125123053,0.3073503423079565,0.5379883915142973,0.8490698587318086,15
fixed_4g_4l,patient_class_1_precision,0.36932492554992946,0.14143922153231744,0.29523453042629627,0.44341532067356265,14
fixed_4g_4l,patient_class_1_recall,0.4548413964203438,0.3356380973009046,0.28498508362365516,0.6246977092170325,15
fixed_4g_4l,patient_class_1_f1,0.3672511620370121,0.20096582577321248,0.2655484219771529,0.46895390209687127,15
fixed_4g_4l,patient_class_1_support,16.4,3.5010202594590707,14.628239293809685,18.171760706190312,15
fixed_4g_4l,patient_class_2_precision,0.4029725814440261,0.1393347551957257,0.3119405413828186,0.49400462150523355,9
fixed_4g_4l,patient_class_2_recall,0.29308367071524966,0.354757903206543,0.11355140111080755,0.4726159403196918,15
fixed_4g_4l,patient_class_2_f1,0.22192107709934533,0.23045051625659613,0.10529702491868341,0.33854512928000724,15
fixed_4g_4l,patient_class_2_support,17.8,4.693460496112802,15.424781273229769,20.175218726770233,15
fixed_4g_4l,patient_class_3_precision,0.2971234863476243,0.20492245183199517,0.17602205613499206,0.41822491656025657,11
fixed_4g_4l,patient_class_3_recall,0.3193117068117068,0.2770751290124076,0.17909234506409885,0.4595310685593147,15
fixed_4g_4l,patient_class_3_f1,0.21989160069317262,0.17517816205234157,0.13123921907144143,0.3085439823149038,15
fixed_4g_4l,patient_class_3_support,12.4,2.4142434484888695,11.1782242431608,13.6217757568392,15
fixed_4g_4l,small_slice_macro_f1,0.24405006661516868,0.06262961291507498,0.2123551094360337,0.27574502379430366,15
fixed_4g_4l,medium_slice_macro_f1,0.263789671859018,0.061941779903137185,0.23244280621111008,0.295136537506926,15
fixed_4g_4l,large_slice_macro_f1,0.2489175521993037,0.0852844160538754,0.20575768278512635,0.29207742161348105,15
random_allocation,slice_class_1_sensitivity,0.428116083977132,0.16426838008371553,0.34498481379509915,0.5112473541591649,15
random_allocation,slice_class_1_specificity,0.5926453743691806,0.1599755931325867,0.5116865541235648,0.6736041946147965,15
random_allocation,slice_class_2_sensitivity,0.32191038738692396,0.15155236846940867,0.24521430696331015,0.39860646781053777,15
random_allocation,slice_class_2_specificity,0.707943586559747,0.15518421255990608,0.6294095394368068,0.7864776336826872,15
random_allocation,slice_class_3_sensitivity,0.29514277287635865,0.1460289744297567,0.22124191550174632,0.369043630250971,15
random_allocation,slice_class_3_specificity,0.72186038983202,0.14794248268927718,0.6469911636694725,0.7967296159945676,15
random_allocation,slice_class_1_precision,0.2396499183534137,0.08196207721964416,0.19817138436802662,0.2811284523388008,15
random_allocation,slice_class_1_recall,0.428116083977132,0.16426838008371553,0.34498481379509915,0.5112473541591649,15
random_allocation,slice_class_1_f1,0.29344509475308034,0.11428693091787434,0.23560792774889325,0.3512822617572674,15
random_allocation,slice_class_1_support,141.6,48.59276842141373,117.00866624194612,166.19133375805387,15
random_allocation,slice_class_2_precision,0.48214736384882634,0.11818877496109446,0.4223355913167843,0.5419591363808685,15
random_allocation,slice_class_2_recall,0.32191038738692396,0.15155236846940867,0.24521430696331015,0.39860646781053777,15
random_allocation,slice_class_2_f1,0.3533458891785129,0.10454608053668826,0.3004382726114121,0.4062535057456137,15
random_allocation,slice_class_2_support,285.2,96.821042577088,236.2017920327692,334.1982079672308,15
random_allocation,slice_class_3_precision,0.3231173378968308,0.0894742388210343,0.27783712561268653,0.36839755018097503,15
random_allocation,slice_class_3_recall,0.29514277287635865,0.1460289744297567,0.22124191550174632,0.369043630250971,15
random_allocation,slice_class_3_f1,0.2783916202606778,0.08681604294971307,0.2344566406930366,0.322326599828319,15
random_allocation,slice_class_3_support,186.0,37.981198356179185,166.77886163620894,205.22113836379106,15
random_allocation,patient_class_1_sensitivity,0.46588516746411485,0.26923877835816745,0.32963154631215164,0.6021387886160781,15
random_allocation,patient_class_1_specificity,0.5401316669707474,0.32430226508722393,0.3760120767862464,0.7042512571552485,15
random_allocation,patient_class_2_sensitivity,0.31723346828609983,0.3402429278645176,0.14504678969697377,0.4894201468752259,15
random_allocation,patient_class_2_specificity,0.7348091046454422,0.26277713312344264,0.6018255271595492,0.8677926821313353,15
random_allocation,patient_class_3_sensitivity,0.2666763791763792,0.2816313157993649,0.12415126878382007,0.4092014895689383,15
random_allocation,patient_class_3_specificity,0.7402984664844248,0.2306815503202708,0.6235574949358431,0.8570394380330064,15
random_allocation,patient_class_1_precision,0.39882237109680724,0.17151641397385733,0.3089765790750508,0.4886681631185637,14
random_allocation,patient_class_1_recall,0.46588516746411485,0.26923877835816745,0.32963154631215164,0.6021387886160781,15
random_allocation,patient_class_1_f1,0.3703871363967905,0.15294269276284186,0.2929874548028289,0.4477868179907521,15
random_allocation,patient_class_1_support,16.4,3.5010202594590707,14.628239293809685,18.171760706190312,15
random_allocation,patient_class_2_precision,0.3417689617032957,0.1885597970075987,0.2392666884309974,0.44427123497559395,13
random_allocation,patient_class_2_recall,0.31723346828609983,0.3402429278645176,0.14504678969697377,0.4894201468752259,15
random_allocation,patient_class_2_f1,0.2639148552493176,0.19945203212161394,0.16297820047615058,0.36485151002248467,15
random_allocation,patient_class_2_support,17.8,4.693460496112802,15.424781273229769,20.175218726770233,15
random_allocation,patient_class_3_precision,0.16748664906319274,0.16267105266948023,0.08227434064628524,0.25269895748010024,14
random_allocation,patient_class_3_recall,0.2666763791763792,0.2816313157993649,0.12415126878382007,0.4092014895689383,15
random_allocation,patient_class_3_f1,0.18617938893800962,0.18429043510913903,0.09291556089505579,0.2794432169809634,15
random_allocation,patient_class_3_support,12.4,2.4142434484888695,11.1782242431608,13.6217757568392,15
random_allocation,small_slice_macro_f1,0.27533242509144806,0.03972961695450661,0.2552264648354902,0.2954383853474059,15
random_allocation,medium_slice_macro_f1,0.3048852955489174,0.0500566965570336,0.27955311193706167,0.33021747916077315,15
random_allocation,large_slice_macro_f1,0.2899025528876575,0.07300118391613622,0.2529588565984031,0.32684624917691185,15
proposed_lsa_glqie,slice_class_1_sensitivity,0.4956086727087267,0.22485307251213502,0.3818173178981392,0.6094000275193142,15
proposed_lsa_glqie,slice_class_1_specificity,0.5480262649586277,0.22515811437870906,0.4340805376643396,0.6619719922529158,15
proposed_lsa_glqie,slice_class_2_sensitivity,0.28890605886033854,0.22335745291670356,0.17587159199503904,0.40194052572563804,15
proposed_lsa_glqie,slice_class_2_specificity,0.7255467643692209,0.2147737935720693,0.6168562284769162,0.8342373002615256,15
proposed_lsa_glqie,slice_class_3_sensitivity,0.2567465943959696,0.18449885592009202,0.16337729086991876,0.3501158979220204,15
proposed_lsa_glqie,slice_class_3_specificity,0.7460971371870753,0.21317021753875062,0.6382181227355694,0.8539761516385811,15
proposed_lsa_glqie,slice_class_1_precision,0.23783416440166968,0.10739870670597258,0.18348291981141399,0.29218540899192535,15
proposed_lsa_glqie,slice_class_1_recall,0.4956086727087267,0.22485307251213502,0.3818173178981392,0.6094000275193142,15
proposed_lsa_glqie,slice_class_1_f1,0.31346319281782264,0.13236960401245973,0.24647493062493725,0.38045145501070804,15
proposed_lsa_glqie,slice_class_1_support,141.6,48.59276842141373,117.00866624194612,166.19133375805387,15
proposed_lsa_glqie,slice_class_2_precision,0.46996901401963975,0.13246949521063525,0.40293019990568407,0.5370078281335955,15
proposed_lsa_glqie,slice_class_2_recall,0.28890605886033854,0.22335745291670356,0.17587159199503904,0.40194052572563804,15
proposed_lsa_glqie,slice_class_2_f1,0.30326228073280265,0.14304986362796504,0.23086906143704483,0.37565550002856046,15
proposed_lsa_glqie,slice_class_2_support,285.2,96.821042577088,236.2017920327692,334.1982079672308,15
proposed_lsa_glqie,slice_class_3_precision,0.3506860585102421,0.11829192752591383,0.2908220835778866,0.4105500334425976,15
proposed_lsa_glqie,slice_class_3_recall,0.2567465943959696,0.18449885592009202,0.16337729086991876,0.3501158979220204,15
proposed_lsa_glqie,slice_class_3_f1,0.23411328978998347,0.10809919680445192,0.17940754829894354,0.2888190312810234,15
proposed_lsa_glqie,slice_class_3_support,186.0,37.981198356179185,166.77886163620894,205.22113836379106,15
proposed_lsa_glqie,patient_class_1_sensitivity,0.5862881952355637,0.3007949134537718,0.43406496635266345,0.738511424118464,15
proposed_lsa_glqie,patient_class_1_specificity,0.5162360122848628,0.36355930382782525,0.33224961941789605,0.7002224051518295,15
proposed_lsa_glqie,patient_class_2_sensitivity,0.26511583445793974,0.34108213256325226,0.09250445969470525,0.43772720922117425,15
proposed_lsa_glqie,patient_class_2_specificity,0.7866003408531872,0.31480638340091577,0.6272863298414935,0.9459143518648809,15
proposed_lsa_glqie,patient_class_3_sensitivity,0.2893971768971769,0.3432867555339364,0.11567010897539262,0.4631242448189612,15
proposed_lsa_glqie,patient_class_3_specificity,0.7681134213392278,0.278449728759817,0.6271984161395092,0.9090284265389463,15
proposed_lsa_glqie,patient_class_1_precision,0.4375809492800598,0.12769159826949225,0.3706919996148975,0.5044698989452221,14
proposed_lsa_glqie,patient_class_1_recall,0.5862881952355637,0.3007949134537718,0.43406496635266345,0.738511424118464,15
proposed_lsa_glqie,patient_class_1_f1,0.4462216967828731,0.1632029784063417,0.36362959424009633,0.5288137993256499,15
proposed_lsa_glqie,patient_class_1_support,16.4,3.5010202594590707,14.628239293809685,18.171760706190312,15
proposed_lsa_glqie,patient_class_2_precision,0.4893305199271897,0.30203266125089906,0.3108406232788785,0.6678204165755008,11
proposed_lsa_glqie,patient_class_2_recall,0.26511583445793974,0.34108213256325226,0.09250445969470525,0.43772720922117425,15
proposed_lsa_glqie,patient_class_2_f1,0.21162527893562377,0.2103743833879676,0.10516115178047075,0.3180894060907768,15
proposed_lsa_glqie,patient_class_2_support,17.8,4.693460496112802,15.424781273229769,20.175218726770233,15
proposed_lsa_glqie,patient_class_3_precision,0.33512777117230985,0.2742105340315255,0.16517032136596596,0.5050852209786537,10
proposed_lsa_glqie,patient_class_3_recall,0.2893971768971769,0.3432867555339364,0.11567010897539262,0.4631242448189612,15
proposed_lsa_glqie,patient_class_3_f1,0.19369440535384808,0.20963141641701424,0.08760627136285222,0.29978253934484395,15
proposed_lsa_glqie,patient_class_3_support,12.4,2.4142434484888695,11.1782242431608,13.6217757568392,15
proposed_lsa_glqie,small_slice_macro_f1,0.25352341400598194,0.05621523247411507,0.22507458120705962,0.2819722468049043,15
proposed_lsa_glqie,medium_slice_macro_f1,0.2927007462849381,0.06847516863050662,0.25804752975427103,0.32735396281560514,15
proposed_lsa_glqie,large_slice_macro_f1,0.2679595942417876,0.09485431183598106,0.21995668935437623,0.315962499129199,15
classical_proposed,slice_class_1_sensitivity,0.6021909998108846,0.05186763743238963,0.5759423536691362,0.6284396459526331,15
classical_proposed,slice_class_1_specificity,0.7987260353853787,0.07031219694107947,0.7631431542610726,0.8343089165096848,15
classical_proposed,slice_class_2_sensitivity,0.6718295563338066,0.061296929065072885,0.6408090302359625,0.7028500824316507,15
classical_proposed,slice_class_2_specificity,0.874042059237167,0.037829527428843476,0.8548976769528642,0.8931864415214699,15
classical_proposed,slice_class_3_sensitivity,0.687373093620727,0.14180438669030412,0.6156101726194882,0.7591360146219657,15
classical_proposed,slice_class_3_specificity,0.8419405303795152,0.021224647979935854,0.8311993765138754,0.852681684245155,15
classical_proposed,slice_class_1_precision,0.4777886100540131,0.09511201141168765,0.4296552911877036,0.5259219289203225,15
classical_proposed,slice_class_1_recall,0.6021909998108846,0.05186763743238963,0.5759423536691362,0.6284396459526331,15
classical_proposed,slice_class_1_f1,0.5288273681135892,0.07353915872433196,0.4916114190078862,0.5660433172192922,15
classical_proposed,slice_class_1_support,141.6,48.59276842141373,117.00866624194612,166.19133375805387,15
classical_proposed,slice_class_2_precision,0.8025839355830485,0.10405002898967447,0.7499273557349926,0.8552405154311045,15
classical_proposed,slice_class_2_recall,0.6718295563338066,0.061296929065072885,0.6408090302359625,0.7028500824316507,15
classical_proposed,slice_class_2_f1,0.7297469022716895,0.0716159886829608,0.6935042114901614,0.7659895930532176,15
classical_proposed,slice_class_2_support,285.2,96.821042577088,236.2017920327692,334.1982079672308,15
classical_proposed,slice_class_3_precision,0.6417411248747186,0.11722740899785399,0.5824158706464013,0.7010663791030358,15
classical_proposed,slice_class_3_recall,0.687373093620727,0.14180438669030412,0.6156101726194882,0.7591360146219657,15
classical_proposed,slice_class_3_f1,0.658583323341927,0.11992645105164133,0.597892165376739,0.7192744813071151,15
classical_proposed,slice_class_3_support,186.0,37.981198356179185,166.77886163620894,205.22113836379106,15
classical_proposed,patient_class_1_sensitivity,0.6017465380623275,0.10586043203713835,0.5481737678628453,0.6553193082618096,15
classical_proposed,patient_class_1_specificity,0.8242920999817552,0.10341059612387048,0.7719591178114954,0.8766250821520151,15
classical_proposed,patient_class_2_sensitivity,0.7000652271704905,0.09482841432050784,0.6520754282341742,0.7480550261068067,15
classical_proposed,patient_class_2_specificity,0.94895486330733,0.030979016564557805,0.9332773178497716,0.9646324087648884,15
classical_proposed,patient_class_3_sensitivity,0.8225330225330227,0.19960189218890412,0.7215205281019919,0.9235455169640536,15
classical_proposed,patient_class_3_specificity,0.7955390529394324,0.04741012991271749,0.771546216843217,0.8195318890356478,15
classical_proposed,patient_class_1_precision,0.6672545972545971,0.07164788959309941,0.6309957623850928,0.7035134321241014,15
classical_proposed,patient_class_1_recall,0.6017465380623275,0.10586043203713835,0.5481737678628453,0.6553193082618096,15
classical_proposed,patient_class_1_f1,0.625816527400888,0.05566903180832921,0.5976441102767164,0.6539889445250596,15
classical_proposed,patient_class_1_support,16.4,3.5010202594590707,14.628239293809685,18.171760706190312,15
classical_proposed,patient_class_2_precision,0.8855439005439005,0.0866438570515893,0.8416960590634016,0.9293917420243994,15
classical_proposed,patient_class_2_recall,0.7000652271704905,0.09482841432050784,0.6520754282341742,0.7480550261068067,15
classical_proposed,patient_class_2_f1,0.7811907386237243,0.0908353731520737,0.7352216973283607,0.827159779919088,15
classical_proposed,patient_class_2_support,17.8,4.693460496112802,15.424781273229769,20.175218726770233,15
classical_proposed,patient_class_3_precision,0.5869180339310909,0.06349482705748886,0.5547852179832649,0.6190508498789169,15
classical_proposed,patient_class_3_recall,0.8225330225330227,0.19960189218890412,0.7215205281019919,0.9235455169640536,15
classical_proposed,patient_class_3_f1,0.6768054723054723,0.11103742183195502,0.6206127837921722,0.7329981608187723,15
classical_proposed,patient_class_3_support,12.4,2.4142434484888695,11.1782242431608,13.6217757568392,15
classical_proposed,small_slice_macro_f1,0.5615084133258935,0.06385378013811008,0.5291939420557676,0.5938228845960194,15
classical_proposed,medium_slice_macro_f1,0.6147642593595263,0.045457130547774255,0.5917597773080132,0.6377687414110393,15
classical_proposed,large_slice_macro_f1,0.531633305146885,0.13629785275029718,0.46265707480698937,0.6006095354867806,15
classical_fixed_4g_4l,slice_class_1_sensitivity,0.7095276646832682,0.05063758782032267,0.6839015095320922,0.7351538198344443,15
classical_fixed_4g_4l,slice_class_1_specificity,0.8427028027120284,0.026424387342292587,0.8293302176629317,0.856075387761125,15
classical_fixed_4g_4l,slice_class_2_sensitivity,0.806197352236367,0.06005204726414177,0.7758068232523019,0.8365878812204322,15
classical_fixed_4g_4l,slice_class_2_specificity,0.9110225299795542,0.03837157691921005,0.8916038328051141,0.9304412271539944,15
classical_fixed_4g_4l,slice_class_3_sensitivity,0.6732963114297458,0.11222304372310342,0.6165036154547751,0.7300890074047165,15
classical_fixed_4g_4l,slice_class_3_specificity,0.8767674249979377,0.024069386397335427,0.8645866348623503,0.8889482151335251,15
classical_fixed_4g_4l,slice_class_1_precision,0.5666078210903905,0.08385381367776253,0.5241719363687699,0.6090437058120112,15
classical_fixed_4g_4l,slice_class_1_recall,0.7095276646832682,0.05063758782032267,0.6839015095320922,0.7351538198344443,15
classical_fixed_4g_4l,slice_class_1_f1,0.6280139068992359,0.06583256365426052,0.5946980330035467,0.661329780794925,15
classical_fixed_4g_4l,slice_class_1_support,141.6,48.59276842141373,117.00866624194612,166.19133375805387,15
classical_fixed_4g_4l,slice_class_2_precision,0.8751897131656053,0.0811100967922999,0.8341423407650543,0.9162370855661564,15
classical_fixed_4g_4l,slice_class_2_recall,0.806197352236367,0.06005204726414177,0.7758068232523019,0.8365878812204322,15
classical_fixed_4g_4l,slice_class_2_f1,0.8383373086287904,0.0635196748221692,0.8061919179770682,0.8704826992805126,15
classical_fixed_4g_4l,slice_class_2_support,285.2,96.821042577088,236.2017920327692,334.1982079672308,15
classical_fixed_4g_4l,slice_class_3_precision,0.6939938627442753,0.10928592441861938,0.6386875542185111,0.7493001712700396,15
classical_fixed_4g_4l,slice_class_3_recall,0.6732963114297458,0.11222304372310342,0.6165036154547751,0.7300890074047165,15
classical_fixed_4g_4l,slice_class_3_f1,0.6810332989929635,0.10160712408205086,0.6296129996013239,0.7324535983846031,15
classical_fixed_4g_4l,slice_class_3_support,186.0,37.981198356179185,166.77886163620894,205.22113836379106,15
classical_fixed_4g_4l,patient_class_1_sensitivity,0.7907258044100148,0.10811715567416799,0.7360109744769402,0.8454406343430895,15
classical_fixed_4g_4l,patient_class_1_specificity,0.8853603357051634,0.0441307131625414,0.8630271134662189,0.9076935579441079,15
classical_fixed_4g_4l,patient_class_2_sensitivity,0.9014529914529915,0.086187889372615,0.8578359014554973,0.9450700814504858,15
classical_fixed_4g_4l,patient_class_2_specificity,0.9564185232037857,0.043876814872966186,0.9342137912275362,0.9786232551800352,15
classical_fixed_4g_4l,patient_class_3_sensitivity,0.7784349909349909,0.12919911428958555,0.7130512179178513,0.8438187639521305,15
classical_fixed_4g_4l,patient_class_3_specificity,0.9043354722671613,0.05908823602298846,0.8744326990681838,0.9342382454661388,15
classical_fixed_4g_4l,patient_class_1_precision,0.7916967128731834,0.04815579020065894,0.767326520606357,0.8160669051400099,15
classical_fixed_4g_4l,patient_class_1_recall,0.7907258044100148,0.10811715567416799,0.7360109744769402,0.8454406343430895,15
classical_fixed_4g_4l,patient_class_1_f1,0.7856074591306691,0.04390626952652953,0.7633878210430776,0.8078270972182606,15
classical_fixed_4g_4l,patient_class_1_support,16.4,3.5010202594590707,14.628239293809685,18.171760706190312,15
classical_fixed_4g_4l,patient_class_2_precision,0.9157264957264958,0.08444690068627536,0.872990467566917,0.9584625238860746,15
classical_fixed_4g_4l,patient_class_2_recall,0.9014529914529915,0.086187889372615,0.8578359014554973,0.9450700814504858,15
classical_fixed_4g_4l,patient_class_2_f1,0.9078363043457592,0.08074554662087652,0.8669734197862649,0.9486991889052536,15
classical_fixed_4g_4l,patient_class_2_support,17.8,4.693460496112802,15.424781273229769,20.175218726770233,15
classical_fixed_4g_4l,patient_class_3_precision,0.7679071805387595,0.1332658167363648,0.7004653721305065,0.8353489889470125,15
classical_fixed_4g_4l,patient_class_3_recall,0.7784349909349909,0.12919911428958555,0.7130512179178513,0.8438187639521305,15
classical_fixed_4g_4l,patient_class_3_f1,0.7688142105079225,0.11393083311193666,0.7111572538576791,0.8264711671581659,15
classical_fixed_4g_4l,patient_class_3_support,12.4,2.4142434484888695,11.1782242431608,13.6217757568392,15
classical_fixed_4g_4l,small_slice_macro_f1,0.6585011280093168,0.06693146071202935,0.6246291354731135,0.6923731205455201,15
classical_fixed_4g_4l,medium_slice_macro_f1,0.6919840463514286,0.04936229252570483,0.6670032796654259,0.7169648130374313,15
classical_fixed_4g_4l,large_slice_macro_f1,0.6644528736281131,0.11358129014232493,0.6069728101269481,0.7219329371292781,15
svm_classical_proposed,slice_class_1_sensitivity,0.6522586932762487,0.04763264777092747,0.6281532476067134,0.6763641389457841,15
svm_classical_proposed,slice_class_1_specificity,0.8881293852070145,0.01902649170021863,0.8785006519027656,0.8977581185112633,15
svm_classical_proposed,slice_class_2_sensitivity,0.832011393999013,0.041407195937002164,0.8110564616427979,0.8529663263552282,15
svm_classical_proposed,slice_class_2_specificity,0.8871881561646452,0.03640410589020379,0.8687651367073913,0.9056111756218991,15
svm_classical_proposed,slice_class_3_sensitivity,0.7584097050102351,0.07454939014938519,0.7206825082651527,0.7961369017553175,15
svm_classical_proposed,slice_class_3_specificity,0.8828561062484452,0.028435663352799387,0.8684656751028882,0.8972465373940023,15
svm_classical_proposed,slice_class_1_precision,0.6252955557895181,0.11067576729580286,0.5692858897236428,0.6813052218553934,15
svm_classical_proposed,slice_class_1_recall,0.6522586932762487,0.04763264777092747,0.6281532476067134,0.6763641389457841,15
svm_classical_proposed,slice_class_1_f1,0.6338184299264895,0.07106436171308222,0.5978549009084688,0.6697819589445102,15
svm_classical_proposed,slice_class_1_support,141.6,48.59276842141373,117.00866624194612,166.19133375805387,15
svm_classical_proposed,slice_class_2_precision,0.8471586276149098,0.08018117165718915,0.8065813561939047,0.8877358990359149,15
svm_classical_proposed,slice_class_2_recall,0.832011393999013,0.041407195937002164,0.8110564616427979,0.8529663263552282,15
svm_classical_proposed,slice_class_2_f1,0.8376912108540614,0.047757779822969026,0.8135224396289846,0.8618599820791382,15
svm_classical_proposed,slice_class_2_support,285.2,96.821042577088,236.2017920327692,334.1982079672308,15
svm_classical_proposed,slice_class_3_precision,0.7291441211473878,0.10541782332886247,0.6757953418589615,0.7824929004358141,15
svm_classical_proposed,slice_class_3_recall,0.7584097050102351,0.07454939014938519,0.7206825082651527,0.7961369017553175,15
svm_classical_proposed,slice_class_3_f1,0.7411954336841536,0.08198527357941544,0.6997051607210619,0.7826857066472453,15
svm_classical_proposed,slice_class_3_support,186.0,37.981198356179185,166.77886163620894,205.22113836379106,15
svm_classical_proposed,patient_class_1_sensitivity,0.6343236880078984,0.062053331957233754,0.6029203692316176,0.6657270067841792,15
svm_classical_proposed,patient_class_1_specificity,0.9672414553305358,0.03141041016284306,0.9513455945906598,0.9831373160704119,15
svm_classical_proposed,patient_class_2_sensitivity,0.9260121457489879,0.04687713297985313,0.9022890433167289,0.949735248181247,15
svm_classical_proposed,patient_class_2_specificity,0.954653788038513,0.045311506203196995,0.9317230020734163,0.9775845740036097,15
svm_classical_proposed,patient_class_3_sensitivity,0.9442113442113442,0.04847406746775109,0.9196800814240077,0.9687426069986808,15
svm_classical_proposed,patient_class_3_specificity,0.836942203545619,0.040285212405231155,0.8165550731977509,0.8573293338934871,15
svm_classical_proposed,patient_class_1_precision,0.8966899766899766,0.11039414271738927,0.8408228323249063,0.952557121055047,15
svm_classical_proposed,patient_class_1_recall,0.6343236880078984,0.062053331957233754,0.6029203692316176,0.6657270067841792,15
svm_classical_proposed,patient_class_1_f1,0.7394461859979101,0.06530226872101894,0.7063986783657039,0.7724936936301163,15
svm_classical_proposed,patient_class_1_support,16.4,3.5010202594590707,14.628239293809685,18.171760706190312,15
svm_classical_proposed,patient_class_2_precision,0.9171446243814665,0.07697561195982047,0.878189589992024,0.956099658770909,15
svm_classical_proposed,patient_class_2_recall,0.9260121457489879,0.04687713297985313,0.9022890433167289,0.949735248181247,15
svm_classical_proposed,patient_class_2_f1,0.9200984403164426,0.05216081463476186,0.8937014260395167,0.9464954545933685,15
svm_classical_proposed,patient_class_2_support,17.8,4.693460496112802,15.424781273229769,20.175218726770233,15
svm_classical_proposed,patient_class_3_precision,0.6764230441340415,0.06351038543915744,0.6442823545587443,0.7085637337093388,15
svm_classical_proposed,patient_class_3_recall,0.9442113442113442,0.04847406746775109,0.9196800814240077,0.9687426069986808,15
svm_classical_proposed,patient_class_3_f1,0.787511254177921,0.05752604076192504,0.7583990608596142,0.8166234474962278,15
svm_classical_proposed,patient_class_3_support,12.4,2.4142434484888695,11.1782242431608,13.6217757568392,15
svm_classical_proposed,small_slice_macro_f1,0.6420079248340254,0.06655570542421164,0.6083260907101591,0.6756897589578916,15
svm_classical_proposed,medium_slice_macro_f1,0.6999753368153825,0.043373123887555015,0.6780255076474222,0.7219251659833428,15
svm_classical_proposed,large_slice_macro_f1,0.6854611225912994,0.07247458133299747,0.6487839239785617,0.7221383212040372,15
fixed_2g_6l,slice_class_1_sensitivity,0.39011622574419585,0.18450586542520203,0.29674337491912833,0.4834890765692634,15
fixed_2g_6l,slice_class_1_specificity,0.6365130209285546,0.2008091040604418,0.5348895929982792,0.7381364488588299,15
fixed_2g_6l,slice_class_2_sensitivity,0.37116020823915313,0.16798484482873152,0.286148147398063,0.4561722690802433,15
fixed_2g_6l,slice_class_2_specificity,0.6726327727636622,0.15646811882276832,0.5934489794243655,0.7518165661029589,15
fixed_2g_6l,slice_class_3_sensitivity,0.30090207761302046,0.1347155309525765,0.2327266125866575,0.3690775426393834,15
fixed_2g_6l,slice_class_3_specificity,0.7246474844906544,0.12141409669015883,0.6632034739591496,0.7860914950221592,15
fixed_2g_6l,slice_class_1_precision,0.2433045750453718,0.07257777597202045,0.20657515273983584,0.2800339973509078,15
fixed_2g_6l,slice_class_1_recall,0.39011622574419585,0.18450586542520203,0.29674337491912833,0.4834890765692634,15
fixed_2g_6l,slice_class_1_f1,0.28396529073504784,0.10106194685411206,0.2328208890871479,0.3351096923829478,15
fixed_2g_6l,slice_class_1_support,141.6,48.59276842141373,117.00866624194612,166.19133375805387,15
fixed_2g_6l,slice_class_2_precision,0.48487275039651684,0.13989889690400348,0.41407414027588296,0.5556713605171507,15
fixed_2g_6l,slice_class_2_recall,0.37116020823915313,0.16798484482873152,0.286148147398063,0.4561722690802433,15
fixed_2g_6l,slice_class_2_f1,0.3991347771145834,0.10562257497696809,0.3456823791956561,0.4525871750335107,15
fixed_2g_6l,slice_class_2_support,285.2,96.821042577088,236.2017920327692,334.1982079672308,15
fixed_2g_6l,slice_class_3_precision,0.32700226359389967,0.11323870082825536,0.2696955742065774,0.3843089529812219,15
fixed_2g_6l,slice_class_3_recall,0.30090207761302046,0.1347155309525765,0.2327266125866575,0.3690775426393834,15
fixed_2g_6l,slice_class_3_f1,0.2845006502747248,0.11000408334787952,0.22883090318609456,0.3401703973633551,15
fixed_2g_6l,slice_class_3_support,186.0,37.981198356179185,166.77886163620894,205.22113836379106,15
fixed_2g_6l,patient_class_1_sensitivity,0.4808017518543834,0.24430202310276003,0.3571678700432722,0.6044356336654946,15
fixed_2g_6l,patient_class_1_specificity,0.6190121936386305,0.29034724499794856,0.4720762144913806,0.7659481727858803,15
fixed_2g_6l,patient_class_2_sensitivity,0.40051731893837156,0.2496084094544078,0.2741980351207131,0.5268366027560301,15
fixed_2g_6l,patient_class_2_specificity,0.7653689647902174,0.21312837559365383,0.6575111252844986,0.8732268042959362,15
fixed_2g_6l,patient_class_3_sensitivity,0.34255374255374255,0.2418594777506565,0.220155959238849,0.4649515258686361,15
fixed_2g_6l,patient_class_3_specificity,0.7396355385918955,0.17071738759680066,0.6532406203133573,0.8260304568704336,15
fixed_2g_6l,patient_class_1_precision,0.4767697161226573,0.20132359066011002,0.3748859220494867,0.5786535101958279,15
fixed_2g_6l,patient_class_1_recall,0.4808017518543834,0.24430202310276003,0.3571678700432722,0.6044356336654946,15
fixed_2g_6l,patient_class_1_f1,0.4197541737609132,0.13649247112947402,0.350679452932139,0.48882889458968737,15
fixed_2g_6l,patient_class_1_support,16.4,3.5010202594590707,14.628239293809685,18.171760706190312,15
fixed_2g_6l,patient_class_2_precision,0.5369680786609652,0.2636619044857917,0.40353674508753246,0.6703994122343979,15
fixed_2g_6l,patient_class_2_recall,0.40051731893837156,0.2496084094544078,0.2741980351207131,0.5268366027560301,15
fixed_2g_6l,patient_class_2_f1,0.40395245146273306,0.1669889071964336,0.3194444046038397,0.4884604983216264,15
fixed_2g_6l,patient_class_2_support,17.8,4.693460496112802,15.424781273229769,20.175218726770233,15
fixed_2g_6l,patient_class_3_precision,0.3064540357303515,0.14759895512989152,0.2262183297446257,0.38668974171607734,13
fixed_2g_6l,patient_class_3_recall,0.34255374255374255,0.2418594777506565,0.220155959238849,0.4649515258686361,15
fixed_2g_6l,patient_class_3_f1,0.2881240535649138,0.18292909522455578,0.19554915855762506,0.3806989485722025,15
fixed_2g_6l,patient_class_3_support,12.4,2.4142434484888695,11.1782242431608,13.6217757568392,15
fixed_2g_6l,small_slice_macro_f1,0.30979805339269145,0.07477167376854046,0.27195836561560627,0.34763774116977664,15
fixed_2g_6l,medium_slice_macro_f1,0.3222869309809054,0.05689333981364286,0.2934949285200799,0.35107893344173086,15
fixed_2g_6l,large_slice_macro_f1,0.27838254191663925,0.03410072315864802,0.26112519495272835,0.29563988888055015,15
fixed_6g_2l,slice_class_1_sensitivity,0.3472029610550037,0.21647597725155257,0.23765100136776984,0.45675492074223756,15
fixed_6g_2l,slice_class_1_specificity,0.6563073713828583,0.19516574244167634,0.5575398784732207,0.7550748642924959,15
fixed_6g_2l,slice_class_2_sensitivity,0.3208609275745142,0.180818190720222,0.22935429763801274,0.4123675575110156,15
fixed_6g_2l,slice_class_2_specificity,0.684579463956897,0.18287015087026848,0.5920343989086025,0.7771245290051914,15
fixed_6g_2l,slice_class_3_sensitivity,0.3451172679901192,0.21824503277126622,0.2346700426875467,0.4555644932926917,15
fixed_6g_2l,slice_class_3_specificity,0.6693932334498472,0.2155533525230937,0.5603081862964745,0.77847828060322,15
fixed_6g_2l,slice_class_1_precision,0.2288779158984271,0.09115353174028029,0.18274786414235605,0.27500796765449814,15
fixed_6g_2l,slice_class_1_recall,0.3472029610550037,0.21647597725155257,0.23765100136776984,0.45675492074223756,15
fixed_6g_2l,slice_class_1_f1,0.2639990978618351,0.13157531483600754,0.1974128014526061,0.33058539427106415,15
fixed_6g_2l,slice_class_1_support,141.6,48.59276842141373,117.00866624194612,166.19133375805387,15
fixed_6g_2l,slice_class_2_precision,0.4709647964920542,0.12089628741007637,0.4097828336117368,0.5321467593723715,15
fixed_6g_2l,slice_class_2_recall,0.3208609275745142,0.180818190720222,0.22935429763801274,0.4123675575110156,15
fixed_6g_2l,slice_class_2_f1,0.3418350352764011,0.1409953278126711,0.27048155455889444,0.4131885159939077,15
fixed_6g_2l,slice_class_2_support,285.2,96.821042577088,236.2017920327692,334.1982079672308,15
fixed_6g_2l,slice_class_3_precision,0.32012363542422784,0.09421377138912175,0.27244488872796224,0.36780238212049343,15
fixed_6g_2l,slice_class_3_recall,0.3451172679901192,0.21824503277126622,0.2346700426875467,0.4555644932926917,15
fixed_6g_2l,slice_class_3_f1,0.29182249256224174,0.11146116275122717,0.23541536155654455,0.34822962356793896,15
fixed_6g_2l,slice_class_3_support,186.0,37.981198356179185,166.77886163620894,205.22113836379106,15
fixed_6g_2l,patient_class_1_sensitivity,0.34941115414799623,0.2781198010984677,0.20866311538175797,0.4901591929142345,15
fixed_6g_2l,patient_class_1_specificity,0.639276135741653,0.28953412733959355,0.4927516509045804,0.7858006205787256,15
fixed_6g_2l,patient_class_2_sensitivity,0.3048335582546109,0.27001542985913485,0.16818689721431798,0.4414802192949038,15
fixed_6g_2l,patient_class_2_specificity,0.6330854826996509,0.27275965619336484,0.49505005152164033,0.7711209138776616,15
fixed_6g_2l,patient_class_3_sensitivity,0.3106869981869982,0.2860680950910731,0.16591656767958143,0.45545742869441497,15
fixed_6g_2l,patient_class_3_specificity,0.698011829321127,0.2616915747080865,0.5655776201913312,0.8304460384509229,15
fixed_6g_2l,patient_class_1_precision,0.39997248925020473,0.19243559410325048,0.29916856054855245,0.500776417951857,14
fixed_6g_2l,patient_class_1_recall,0.34941115414799623,0.2781198010984677,0.20866311538175797,0.4901591929142345,15
fixed_6g_2l,patient_class_1_f1,0.31035070702420525,0.15619036383560544,0.23130747710235067,0.38939393694605984,15
fixed_6g_2l,patient_class_1_support,16.4,3.5010202594590707,14.628239293809685,18.171760706190312,15
fixed_6g_2l,patient_class_2_precision,0.34252795815295817,0.12721785972935135,0.2705476779036985,0.41450823840221784,12
fixed_6g_2l,patient_class_2_recall,0.3048335582546109,0.27001542985913485,0.16818689721431798,0.4414802192949038,15
fixed_6g_2l,patient_class_2_f1,0.25325411577583096,0.1515878409680039,0.1765400837910996,0.3299681477605623,15
fixed_6g_2l,patient_class_2_support,17.8,4.693460496112802,15.424781273229769,20.175218726770233,15
fixed_6g_2l,patient_class_3_precision,0.25720758245841857,0.1820769026787758,0.15822945068729966,0.3561857142295375,13
fixed_6g_2l,patient_class_3_recall,0.3106869981869982,0.2860680950910731,0.16591656767958143,0.45545742869441497,15
fixed_6g_2l,patient_class_3_f1,0.22996606028384256,0.1777394121179669,0.14001750729242513,0.31991461327526,15
fixed_6g_2l,patient_class_3_support,12.4,2.4142434484888695,11.1782242431608,13.6217757568392,15
fixed_6g_2l,small_slice_macro_f1,0.27295072662275827,0.044999762387874065,0.25017770479538537,0.29572374845013116,15
fixed_6g_2l,medium_slice_macro_f1,0.3204403679286588,0.0850416164989988,0.2774033720424619,0.36347736381485574,15
fixed_6g_2l,large_slice_macro_f1,0.24839396968925384,0.05289117225017568,0.22162734346250826,0.27516059591599945,15
shuffled_size_allocation,slice_class_1_sensitivity,0.4809014842343408,0.18737662888259768,0.3860758266519178,0.5757271418167639,15
shuffled_size_allocation,slice_class_1_specificity,0.5492742308096131,0.19876672558793632,0.4486843889932649,0.6498640726259614,15
shuffled_size_allocation,slice_class_2_sensitivity,0.2675267676900487,0.15951150641418652,0.18680280772829005,0.3482507276518073,15
shuffled_size_allocation,slice_class_2_specificity,0.7535860584039783,0.1505293108506806,0.6774077165693183,0.8297644002386383,15
shuffled_size_allocation,slice_class_3_sensitivity,0.29000584459365225,0.17512208295127496,0.20138184291272254,0.37862984627458196,15
shuffled_size_allocation,slice_class_3_specificity,0.7165802506793855,0.1646187341908273,0.6332716768560623,0.7998888245027086,15
shuffled_size_allocation,slice_class_1_precision,0.24941563823817686,0.08329831437773937,0.20726087494949796,0.29157040152685576,15
shuffled_size_allocation,slice_class_1_recall,0.4809014842343408,0.18737662888259768,0.3860758266519178,0.5757271418167639,15
shuffled_size_allocation,slice_class_1_f1,0.3111296276974466,0.1186276728069751,0.2510957422098277,0.3711635131850655,15
shuffled_size_allocation,slice_class_1_support,141.6,48.59276842141373,117.00866624194612,166.19133375805387,15
shuffled_size_allocation,slice_class_2_precision,0.46049932207747146,0.1536533507904975,0.3827399979005979,0.538258646254345,15
shuffled_size_allocation,slice_class_2_recall,0.2675267676900487,0.15951150641418652,0.18680280772829005,0.3482507276518073,15
shuffled_size_allocation,slice_class_2_f1,0.30696634637103143,0.1374829728044083,0.23739036253404616,0.3765423302080167,15
shuffled_size_allocation,slice_class_2_support,285.2,96.821042577088,236.2017920327692,334.1982079672308,15
shuffled_size_allocation,slice_class_3_precision,0.3080014533997984,0.08375406011344677,0.2656160509469049,0.3503868558526919,15
shuffled_size_allocation,slice_class_3_recall,0.29000584459365225,0.17512208295127496,0.20138184291272254,0.37862984627458196,15
shuffled_size_allocation,slice_class_3_f1,0.26152452270816834,0.12317065120968032,0.19919157294029075,0.32385747247604596,15
shuffled_size_allocation,slice_class_3_support,186.0,37.981198356179185,166.77886163620894,205.22113836379106,15
shuffled_size_allocation,patient_class_1_sensitivity,0.5542366016050226,0.2976975823522949,0.4035808385272205,0.7048923646828248,15
shuffled_size_allocation,patient_class_1_specificity,0.4570224411603722,0.32040867729464806,0.29487327826441645,0.619171604056328,15
shuffled_size_allocation,patient_class_2_sensitivity,0.21582883490778226,0.21882812476741978,0.10508652434139623,0.3265711454741683,15
shuffled_size_allocation,patient_class_2_specificity,0.8179773701595333,0.23852574223518958,0.697266689789896,0.9386880505291706,15
shuffled_size_allocation,patient_class_3_sensitivity,0.26842139342139343,0.2671406921362963,0.13322955039426887,0.403613236448518,15
shuffled_size_allocation,patient_class_3_specificity,0.7531954068955966,0.20384393123408165,0.650036144511977,0.8563546692792162,15
shuffled_size_allocation,patient_class_1_precision,0.3681708850881783,0.1512408597995191,0.28894607785305054,0.44739569232330606,14
shuffled_size_allocation,patient_class_1_recall,0.5542366016050226,0.2976975823522949,0.4035808385272205,0.7048923646828248,15
shuffled_size_allocation,patient_class_1_f1,0.40695889484145514,0.18680089724542168,0.312424597667274,0.5014931920156362,15
shuffled_size_allocation,patient_class_1_support,16.4,3.5010202594590707,14.628239293809685,18.171760706190312,15
shuffled_size_allocation,patient_class_2_precision,0.42394990558690243,0.27568919977744244,0.2679640565568071,0.5799357546169978,12
shuffled_size_allocation,patient_class_2_recall,0.21582883490778226,0.21882812476741978,0.10508652434139623,0.3265711454741683,15
shuffled_size_allocation,patient_class_2_f1,0.22215912773176635,0.18430150881215077,0.1288896956218794,0.3154285598416533,15
shuffled_size_allocation,patient_class_2_support,17.8,4.693460496112802,15.424781273229769,20.175218726770233,15
shuffled_size_allocation,patient_class_3_precision,0.21426569382034966,0.19742255976504033,0.10694556783221386,0.32158581980848544,13
shuffled_size_allocation,patient_class_3_recall,0.26842139342139343,0.2671406921362963,0.13322955039426887,0.403613236448518,15
shuffled_size_allocation,patient_class_3_f1,0.2148831518877995,0.2228858456166233,0.10208735124580368,0.3276789525297953,15
shuffled_size_allocation,patient_class_3_support,12.4,2.4142434484888695,11.1782242431608,13.6217757568392,15
shuffled_size_allocation,small_slice_macro_f1,0.26212094489828747,0.06486623609944007,0.22929410021810026,0.2949477895784747,15
shuffled_size_allocation,medium_slice_macro_f1,0.3069636831814787,0.054559272460854645,0.27935288177485984,0.3345744845880976,15
shuffled_size_allocation,large_slice_macro_f1,0.2611037024497277,0.08436561177679747,0.2184088121542538,0.3037985927452016,15
lesion_size_only,slice_class_1_sensitivity,0.31871054762410134,0.18795615856704312,0.22359160755632362,0.41382948769187905,15
lesion_size_only,slice_class_1_specificity,0.8268202966475876,0.09205880553400468,0.7802321131421411,0.8734084801530341,15
lesion_size_only,slice_class_2_sensitivity,0.5219708264928403,0.11516801460904477,0.4636877696202175,0.5802538833654631,15
lesion_size_only,slice_class_2_specificity,0.7992501030288788,0.10170345927068734,0.74778105130529,0.8507191547524675,15
lesion_size_only,slice_class_3_sensitivity,0.7693891673166192,0.11294215337445491,0.712232551647021,0.8265457829862174,15
lesion_size_only,slice_class_3_specificity,0.7105838713220044,0.04086313528396378,0.6899042716446657,0.7312634709993431,15
lesion_size_only,slice_class_1_precision,0.35867018791936756,0.13581416583708347,0.2875263771627665,0.4298139986759686,14
lesion_size_only,slice_class_1_recall,0.31871054762410134,0.18795615856704312,0.22359160755632362,0.41382948769187905,15
lesion_size_only,slice_class_1_f1,0.31108288645949433,0.1759717682354851,0.2220288846964102,0.4001368882225785,15
lesion_size_only,slice_class_1_support,141.6,48.59276842141373,117.00866624194612,166.19133375805387,15
lesion_size_only,slice_class_2_precision,0.700910262392188,0.13498907760540768,0.6325963636593971,0.7692241611249789,15
lesion_size_only,slice_class_2_recall,0.5219708264928403,0.11516801460904477,0.4636877696202175,0.5802538833654631,15
lesion_size_only,slice_class_2_f1,0.5859015331970858,0.08078341700681568,0.545019483578048,0.6267835828161237,15
lesion_size_only,slice_class_2_support,285.2,96.821042577088,236.2017920327692,334.1982079672308,15
lesion_size_only,slice_class_3_precision,0.5335212508106157,0.11358065176123568,0.47604151037485615,0.5910009912463753,15
lesion_size_only,slice_class_3_recall,0.7693891673166192,0.11294215337445491,0.712232551647021,0.8265457829862174,15
lesion_size_only,slice_class_3_f1,0.625989130862451,0.10716956629364141,0.5717538473203131,0.6802244144045889,15
lesion_size_only,slice_class_3_support,186.0,37.981198356179185,166.77886163620894,205.22113836379106,15
lesion_size_only,patient_class_1_sensitivity,0.26733145996303886,0.19190396608023064,0.17021465364225374,0.364448266283824,15
lesion_size_only,patient_class_1_specificity,0.8774949826673965,0.0765297358018703,0.8387655927466909,0.916224372588102,15
lesion_size_only,patient_class_2_sensitivity,0.598387314439946,0.13000798107308442,0.532594198352119,0.664180430527773,15
lesion_size_only,patient_class_2_specificity,0.8404841345140207,0.09546682869041595,0.792171253329947,0.8887970156980944,15
lesion_size_only,patient_class_3_sensitivity,0.8715941465941467,0.10633432387820545,0.817781554034106,0.9254067391541874,15
lesion_size_only,patient_class_3_specificity,0.6434523448754949,0.045291831881205974,0.6205315154910637,0.666373174259926,15
lesion_size_only,patient_class_1_precision,0.53381734006734,0.1295164960792451,0.46053648386900775,0.6070981962656723,12
lesion_size_only,patient_class_1_recall,0.26733145996303886,0.19190396608023064,0.17021465364225374,0.364448266283824,15
lesion_size_only,patient_class_1_f1,0.3210325972371183,0.21322348715976916,0.2131266246378842,0.42893856983635237,15
lesion_size_only,patient_class_1_support,16.4,3.5010202594590707,14.628239293809685,18.171760706190312,15
lesion_size_only,patient_class_2_precision,0.726387521259644,0.12303985267083634,0.6641207646852861,0.7886542778340019,15
lesion_size_only,patient_class_2_recall,0.598387314439946,0.13000798107308442,0.532594198352119,0.664180430527773,15
lesion_size_only,patient_class_2_f1,0.6371143899213999,0.07293139861451914,0.600206009867446,0.6740227699753538,15
lesion_size_only,patient_class_2_support,17.8,4.693460496112802,15.424781273229769,20.175218726770233,15
lesion_size_only,patient_class_3_precision,0.4664423583765134,0.06752910674939883,0.4322679152154213,0.5006168015376055,15
lesion_size_only,patient_class_3_recall,0.8715941465941467,0.10633432387820545,0.817781554034106,0.9254067391541874,15
lesion_size_only,patient_class_3_f1,0.6060081958232323,0.0778042272794773,0.5666338242248865,0.6453825674215781,15
lesion_size_only,patient_class_3_support,12.4,2.4142434484888695,11.1782242431608,13.6217757568392,15
lesion_size_only,small_slice_macro_f1,0.25491254643726774,0.04347342569803847,0.23291195754973884,0.27691313532479667,15
lesion_size_only,medium_slice_macro_f1,0.4305037423649186,0.06394455070374676,0.39814333485062525,0.462864149879212,15
lesion_size_only,large_slice_macro_f1,0.4040369681840964,0.15879735314622964,0.3236744196408935,0.4843995167272993,15
svm_classical_fixed_4g_4l,slice_class_1_sensitivity,0.6948399510682335,0.07391062359437907,0.657436014801159,0.732243887335308,15
svm_classical_fixed_4g_4l,slice_class_1_specificity,0.9006285956457571,0.02031500817121141,0.890347783037935,0.9109094082535792,15
svm_classical_fixed_4g_4l,slice_class_2_sensitivity,0.8655160123988832,0.033687030268897925,0.8484680229228386,0.8825640018749278,15
svm_classical_fixed_4g_4l,slice_class_2_specificity,0.8763330888935524,0.04631318754579747,0.8528953822277976,0.8997707955593073,15
svm_classical_fixed_4g_4l,slice_class_3_sensitivity,0.7616734171405887,0.06278930783388241,0.7298976431820143,0.793449191099163,15
svm_classical_fixed_4g_4l,slice_class_3_specificity,0.9062132320588081,0.027198574668054167,0.8924488541660943,0.9199776099515219,15
svm_classical_fixed_4g_4l,slice_class_1_precision,0.6652511222898011,0.09867899086379209,0.6153126627602944,0.7151895818193078,15
svm_classical_fixed_4g_4l,slice_class_1_recall,0.6948399510682335,0.07391062359437907,0.657436014801159,0.732243887335308,15
svm_classical_fixed_4g_4l,slice_class_1_f1,0.6729344233673668,0.05846200599849615,0.6433485662866077,0.7025202804481258,15
svm_classical_fixed_4g_4l,slice_class_1_support,141.6,48.59276842141373,117.00866624194612,166.19133375805387,15
svm_classical_fixed_4g_4l,slice_class_2_precision,0.8391362112357572,0.09260298886070006,0.7922726329699983,0.8859997895015161,15
svm_classical_fixed_4g_4l,slice_class_2_recall,0.8655160123988832,0.033687030268897925,0.8484680229228386,0.8825640018749278,15
svm_classical_fixed_4g_4l,slice_class_2_f1,0.8500625910776662,0.05606448157138879,0.8216900487615401,0.8784351333937924,15
svm_classical_fixed_4g_4l,slice_class_2_support,285.2,96.821042577088,236.2017920327692,334.1982079672308,15
svm_classical_fixed_4g_4l,slice_class_3_precision,0.775674733994349,0.07793814851540475,0.7362325888997204,0.8151168790889777,15
svm_classical_fixed_4g_4l,slice_class_3_recall,0.7616734171405887,0.06278930783388241,0.7298976431820143,0.793449191099163,15
svm_classical_fixed_4g_4l,slice_class_3_f1,0.7660554044977097,0.054229117823186845,0.7386116843904367,0.7934991246049827,15
svm_classical_fixed_4g_4l,slice_class_3_support,186.0,37.981198356179185,166.77886163620894,205.22113836379106,15
svm_classical_fixed_4g_4l,patient_class_1_sensitivity,0.8116678058783323,0.10508779499137623,0.7584860439725412,0.8648495677841235,15
svm_classical_fixed_4g_4l,patient_class_1_specificity,0.9604805996472664,0.036413570800137754,0.942052790284709,0.9789084090098238,15
svm_classical_fixed_4g_4l,patient_class_2_sensitivity,0.9615890688259109,0.03343381958918558,0.944669221633959,0.9785089160178627,15
svm_classical_fixed_4g_4l,patient_class_2_specificity,0.9548554009417387,0.03375790203328663,0.9377715454043701,0.9719392564791073,15
svm_classical_fixed_4g_4l,patient_class_3_sensitivity,0.9381507381507382,0.057937975035502805,0.9088300773271417,0.9674713989743348,15
svm_classical_fixed_4g_4l,patient_class_3_specificity,0.9382669283048791,0.051899247744536525,0.9120022851380288,0.9645315714717294,15
svm_classical_fixed_4g_4l,patient_class_1_precision,0.9061294261294264,0.09197229051960931,0.85958502526208,0.9526738269967727,15
svm_classical_fixed_4g_4l,patient_class_1_recall,0.8116678058783323,0.10508779499137623,0.7584860439725412,0.8648495677841235,15
svm_classical_fixed_4g_4l,patient_class_1_f1,0.8492640692640693,0.06837658079720244,0.8146607450608416,0.8838673934672969,15
svm_classical_fixed_4g_4l,patient_class_1_support,16.4,3.5010202594590707,14.628239293809685,18.171760706190312,15
svm_classical_fixed_4g_4l,patient_class_2_precision,0.9183252248267729,0.05880394966406531,0.8885663203753941,0.9480841292781518,15
svm_classical_fixed_4g_4l,patient_class_2_recall,0.9615890688259109,0.03343381958918558,0.944669221633959,0.9785089160178627,15
svm_classical_fixed_4g_4l,patient_class_2_f1,0.9380368650384132,0.03032592664982876,0.9226898286789955,0.9533839013978309,15
svm_classical_fixed_4g_4l,patient_class_2_support,17.8,4.693460496112802,15.424781273229769,20.175218726770233,15
svm_classical_fixed_4g_4l,patient_class_3_precision,0.8520757020757022,0.1157919092520257,0.7934769109509711,0.9106744932004333,15
svm_classical_fixed_4g_4l,patient_class_3_recall,0.9381507381507382,0.057937975035502805,0.9088300773271417,0.9674713989743348,15
svm_classical_fixed_4g_4l,patient_class_3_f1,0.8899864812021676,0.08475615348537091,0.8470939495330086,0.9328790128713266,15
svm_classical_fixed_4g_4l,patient_class_3_support,12.4,2.4142434484888695,11.1782242431608,13.6217757568392,15
svm_classical_fixed_4g_4l,small_slice_macro_f1,0.7097711608790582,0.05984736806977481,0.6794842138588434,0.7400581078992731,15
svm_classical_fixed_4g_4l,medium_slice_macro_f1,0.7422433043032668,0.054707134808073016,0.714557674224629,0.7699289343819046,15
svm_classical_fixed_4g_4l,large_slice_macro_f1,0.7106448008518204,0.09938917739065481,0.6603469373517249,0.7609426643519158,15
