class_label,class_name,fpr,tpr
1,Meningioma,0.0,0.0
1,Meningioma,0.002207505518763797,0.0
1,Meningioma,0.002207505518763797,0.016260162601626018
1,Meningioma,0.006622516556291391,0.016260162601626018
1,Meningioma,0.006622516556291391,0.032520325203252036
1,Meningioma,0.008830022075055188,0.032520325203252036
1,Meningioma,0.008830022075055188,0.036585365853658534
1,Meningioma,0.013245033112582781,0.036585365853658534
1,Meningioma,0.013245033112582781,0.056910569105691054
1,Meningioma,0.01545253863134658,0.056910569105691054
1,Meningioma,0.01545253863134658,0.06504065040650407
1,Meningioma,0.017660044150110375,0.06504065040650407
1,Meningioma,0.017660044150110375,0.07723577235772358
1,Meningioma,0.02207505518763797,0.07723577235772358
1,Meningioma,0.02207505518763797,0.10975609756097561
1,Meningioma,0.024282560706401765,0.10975609756097561
1,Meningioma,0.024282560706401765,0.13008130081300814
1,Meningioma,0.026490066225165563,0.13008130081300814
1,Meningioma,0.026490066225165563,0.14227642276422764
1,Meningioma,0.03090507726269316,0.14227642276422764
1,Meningioma,0.03090507726269316,0.14634146341463414
1,Meningioma,0.03532008830022075,0.14634146341463414
1,Meningioma,0.03532008830022075,0.15447154471544716
1,Meningioma,0.046357615894039736,0.15447154471544716
1,Meningioma,0.046357615894039736,0.15853658536585366
1,Meningioma,0.04856512141280353,0.15853658536585366
1,Meningioma,0.04856512141280353,0.16260162601626016
1,Meningioma,0.05077262693156733,0.16260162601626016
1,Meningioma,0.05077262693156733,0.16666666666666666
1,Meningioma,0.052980132450331126,0.16666666666666666
1,Meningioma,0.052980132450331126,0.17886178861788618
1,Meningioma,0.05518763796909492,0.17886178861788618
1,Meningioma,0.05518763796909492,0.18699186991869918
1,Meningioma,0.05739514348785872,0.18699186991869918
1,Meningioma,0.05739514348785872,0.1910569105691057
1,Meningioma,0.06181015452538632,0.1910569105691057
1,Meningioma,0.06181015452538632,0.1951219512195122
1,Meningioma,0.0640176600441501,0.1951219512195122
1,Meningioma,0.0640176600441501,0.1991869918699187
1,Meningioma,0.0706401766004415,0.1991869918699187
1,Meningioma,0.0706401766004415,0.2073170731707317
1,Meningioma,0.0728476821192053,0.2073170731707317
1,Meningioma,0.0728476821192053,0.21138211382113822
1,Meningioma,0.08388520971302428,0.21138211382113822
1,Meningioma,0.08388520971302428,0.22764227642276422
1,Meningioma,0.08609271523178808,0.22764227642276422
1,Meningioma,0.08609271523178808,0.23170731707317074
1,Meningioma,0.09050772626931568,0.23170731707317074
1,Meningioma,0.09050772626931568,0.23577235772357724
1,Meningioma,0.09271523178807947,0.23577235772357724
1,Meningioma,0.09271523178807947,0.24390243902439024
1,Meningioma,0.09492273730684327,0.24390243902439024
1,Meningioma,0.09492273730684327,0.24796747967479674
1,Meningioma,0.09713024282560706,0.24796747967479674
1,Meningioma,0.09713024282560706,0.25203252032520324
1,Meningioma,0.10375275938189846,0.25203252032520324
1,Meningioma,0.10375275938189846,0.25609756097560976
1,Meningioma,0.10816777041942605,0.25609756097560976
1,Meningioma,0.10816777041942605,0.2601626016260163
1,Meningioma,0.11258278145695365,0.2601626016260163
1,Meningioma,0.11258278145695365,0.2682926829268293
1,Meningioma,0.11699779249448124,0.2682926829268293
1,Meningioma,0.11699779249448124,0.27235772357723576
1,Meningioma,0.1368653421633554,0.27235772357723576
1,Meningioma,0.1368653421633554,0.2804878048780488
1,Meningioma,0.1456953642384106,0.2804878048780488
1,Meningioma,0.1456953642384106,0.2845528455284553
1,Meningioma,0.152317880794702,0.2845528455284553
1,Meningioma,0.152317880794702,0.2926829268292683
1,Meningioma,0.1545253863134658,0.2926829268292683
1,Meningioma,0.1545253863134658,0.3130081300813008
1,Meningioma,0.15673289183222958,0.3130081300813008
1,Meningioma,0.15673289183222958,0.3170731707317073
1,Meningioma,0.15894039735099338,0.3170731707317073
1,Meningioma,0.15894039735099338,0.32926829268292684
1,Meningioma,0.16556291390728478,0.32926829268292684
1,Meningioma,0.16556291390728478,0.3333333333333333
1,Meningioma,0.16997792494481237,0.3333333333333333
1,Meningioma,0.16997792494481237,0.34146341463414637
1,Meningioma,0.17218543046357615,0.34146341463414637
1,Meningioma,0.17218543046357615,0.34552845528455284
1,Meningioma,0.17439293598233996,0.34552845528455284
1,Meningioma,0.17439293598233996,0.34959349593495936
1,Meningioma,0.18322295805739514,0.34959349593495936
1,Meningioma,0.18322295805739514,0.35365853658536583
1,Meningioma,0.18984547461368653,0.35365853658536583
1,Meningioma,0.18984547461368653,0.35772357723577236
1,Meningioma,0.19426048565121412,0.35772357723577236
1,Meningioma,0.19426048565121412,0.3617886178861789
1,Meningioma,0.20088300220750552,0.3617886178861789
1,Meningioma,0.20088300220750552,0.36585365853658536
1,Meningioma,0.20309050772626933,0.36585365853658536
1,Meningioma,0.20309050772626933,0.3699186991869919
1,Meningioma,0.2185430463576159,0.3699186991869919
1,Meningioma,0.2185430463576159,0.37398373983739835
1,Meningioma,0.2229580573951435,0.37398373983739835
1,Meningioma,0.2229580573951435,0.3780487804878049
1,Meningioma,0.22737306843267108,0.3780487804878049
1,Meningioma,0.22737306843267108,0.3821138211382114
1,Meningioma,0.23178807947019867,0.3821138211382114
1,Meningioma,0.23178807947019867,0.3902439024390244
1,Meningioma,0.23620309050772628,0.3902439024390244
1,Meningioma,0.23620309050772628,0.3943089430894309
1,Meningioma,0.24282560706401765,0.3943089430894309
1,Meningioma,0.24282560706401765,0.4065040650406504
1,Meningioma,0.24503311258278146,0.4065040650406504
1,Meningioma,0.24503311258278146,0.4105691056910569
1,Meningioma,0.2582781456953642,0.4105691056910569
1,Meningioma,0.2582781456953642,0.4146341463414634
1,Meningioma,0.2671081677704194,0.4146341463414634
1,Meningioma,0.2671081677704194,0.4186991869918699
1,Meningioma,0.2693156732891832,0.4186991869918699
1,Meningioma,0.2693156732891832,0.43089430894308944
1,Meningioma,0.271523178807947,0.43089430894308944
1,Meningioma,0.271523178807947,0.4349593495934959
1,Meningioma,0.27593818984547464,0.4349593495934959
1,Meningioma,0.27593818984547464,0.43902439024390244
1,Meningioma,0.2847682119205298,0.43902439024390244
1,Meningioma,0.2847682119205298,0.44308943089430897
1,Meningioma,0.31346578366445915,0.44308943089430897
1,Meningioma,0.31346578366445915,0.44715447154471544
1,Meningioma,0.31788079470198677,0.44715447154471544
1,Meningioma,0.31788079470198677,0.45934959349593496
1,Meningioma,0.32229580573951433,0.45934959349593496
1,Meningioma,0.32229580573951433,0.4634146341463415
1,Meningioma,0.32671081677704195,0.4634146341463415
1,Meningioma,0.32671081677704195,0.4715447154471545
1,Meningioma,0.3333333333333333,0.4715447154471545
1,Meningioma,0.3333333333333333,0.47560975609756095
1,Meningioma,0.3443708609271523,0.47560975609756095
1,Meningioma,0.3443708609271523,0.4796747967479675
1,Meningioma,0.3487858719646799,0.4796747967479675
1,Meningioma,0.3487858719646799,0.483739837398374
1,Meningioma,0.3509933774834437,0.483739837398374
1,Meningioma,0.3509933774834437,0.491869918699187
1,Meningioma,0.35320088300220753,0.491869918699187
1,Meningioma,0.35320088300220753,0.5040650406504065
1,Meningioma,0.3598233995584989,0.5040650406504065
1,Meningioma,0.3598233995584989,0.508130081300813
1,Meningioma,0.36644591611479027,0.508130081300813
1,Meningioma,0.36644591611479027,0.5121951219512195
1,Meningioma,0.3686534216335541,0.5121951219512195
1,Meningioma,0.3686534216335541,0.524390243902439
1,Meningioma,0.37969094922737306,0.524390243902439
1,Meningioma,0.37969094922737306,0.532520325203252
1,Meningioma,0.39072847682119205,0.532520325203252
1,Meningioma,0.39072847682119205,0.5447154471544715
1,Meningioma,0.39293598233995586,0.5447154471544715
1,Meningioma,0.39293598233995586,0.5487804878048781
1,Meningioma,0.3995584988962472,0.5487804878048781
1,Meningioma,0.3995584988962472,0.556910569105691
1,Meningioma,0.4105960264900662,0.556910569105691
1,Meningioma,0.4105960264900662,0.5609756097560976
1,Meningioma,0.41501103752759383,0.5609756097560976
1,Meningioma,0.41501103752759383,0.5650406504065041
1,Meningioma,0.4194260485651214,0.5650406504065041
1,Meningioma,0.4194260485651214,0.573170731707317
1,Meningioma,0.4260485651214128,0.573170731707317
1,Meningioma,0.4260485651214128,0.5853658536585366
1,Meningioma,0.4282560706401766,0.5853658536585366
1,Meningioma,0.4282560706401766,0.5934959349593496
1,Meningioma,0.4304635761589404,0.5934959349593496
1,Meningioma,0.4304635761589404,0.6056910569105691
1,Meningioma,0.44370860927152317,0.6056910569105691
1,Meningioma,0.44370860927152317,0.6097560975609756
1,Meningioma,0.45695364238410596,0.6097560975609756
1,Meningioma,0.45695364238410596,0.6178861788617886
1,Meningioma,0.45916114790286977,0.6178861788617886
1,Meningioma,0.45916114790286977,0.6219512195121951
1,Meningioma,0.4613686534216336,0.6219512195121951
1,Meningioma,0.4613686534216336,0.6260162601626016
1,Meningioma,0.4768211920529801,0.6260162601626016
1,Meningioma,0.4768211920529801,0.6300813008130082
1,Meningioma,0.4878587196467991,0.6300813008130082
1,Meningioma,0.4878587196467991,0.6341463414634146
1,Meningioma,0.49448123620309054,0.6341463414634146
1,Meningioma,0.49448123620309054,0.6382113821138211
1,Meningioma,0.5121412803532008,0.6382113821138211
1,Meningioma,0.5121412803532008,0.6463414634146342
1,Meningioma,0.5209713024282561,0.6463414634146342
1,Meningioma,0.5209713024282561,0.6544715447154471
1,Meningioma,0.5364238410596026,0.6544715447154471
1,Meningioma,0.5364238410596026,0.6585365853658537
1,Meningioma,0.543046357615894,0.6585365853658537
1,Meningioma,0.543046357615894,0.6626016260162602
1,Meningioma,0.5496688741721855,0.6626016260162602
1,Meningioma,0.5496688741721855,0.6707317073170732
1,Meningioma,0.5518763796909493,0.6707317073170732
1,Meningioma,0.5518763796909493,0.6910569105691057
1,Meningioma,0.5562913907284768,0.6910569105691057
1,Meningioma,0.5562913907284768,0.6951219512195121
1,Meningioma,0.5629139072847682,0.6951219512195121
1,Meningioma,0.5629139072847682,0.6991869918699187
1,Meningioma,0.5894039735099338,0.6991869918699187
1,Meningioma,0.5894039735099338,0.7073170731707317
1,Meningioma,0.5982339955849889,0.7073170731707317
1,Meningioma,0.5982339955849889,0.7154471544715447
1,Meningioma,0.6048565121412803,0.7154471544715447
1,Meningioma,0.6048565121412803,0.7235772357723578
1,Meningioma,0.609271523178808,0.7235772357723578
1,Meningioma,0.609271523178808,0.7276422764227642
1,Meningioma,0.6181015452538632,0.7276422764227642
1,Meningioma,0.6181015452538632,0.7317073170731707
1,Meningioma,0.6247240618101545,0.7317073170731707
1,Meningioma,0.6247240618101545,0.7357723577235772
1,Meningioma,0.6600441501103753,0.7357723577235772
1,Meningioma,0.6600441501103753,0.7398373983739838
1,Meningioma,0.6666666666666666,0.7398373983739838
1,Meningioma,0.6666666666666666,0.7439024390243902
1,Meningioma,0.6688741721854304,0.7439024390243902
1,Meningioma,0.6688741721854304,0.7479674796747967
1,Meningioma,0.6909492273730684,0.7479674796747967
1,Meningioma,0.6909492273730684,0.7520325203252033
1,Meningioma,0.6931567328918322,0.7520325203252033
1,Meningioma,0.6931567328918322,0.7560975609756098
1,Meningioma,0.695364238410596,0.7560975609756098
1,Meningioma,0.695364238410596,0.7723577235772358
1,Meningioma,0.7041942604856513,0.7723577235772358
1,Meningioma,0.7041942604856513,0.7804878048780488
1,Meningioma,0.7306843267108167,0.7804878048780488
1,Meningioma,0.7306843267108167,0.7845528455284553
1,Meningioma,0.7439293598233996,0.7845528455284553
1,Meningioma,0.7439293598233996,0.7886178861788617
1,Meningioma,0.7461368653421634,0.7886178861788617
1,Meningioma,0.7461368653421634,0.7926829268292683
1,Meningioma,0.7483443708609272,0.7926829268292683
1,Meningioma,0.7483443708609272,0.7967479674796748
1,Meningioma,0.7682119205298014,0.7967479674796748
1,Meningioma,0.7682119205298014,0.8008130081300813
1,Meningioma,0.7770419426048565,0.8008130081300813
1,Meningioma,0.7770419426048565,0.8048780487804879
1,Meningioma,0.7858719646799117,0.8048780487804879
1,Meningioma,0.7858719646799117,0.8089430894308943
1,Meningioma,0.7991169977924945,0.8089430894308943
1,Meningioma,0.7991169977924945,0.8170731707317073
1,Meningioma,0.82560706401766,0.8170731707317073
1,Meningioma,0.82560706401766,0.8211382113821138
1,Meningioma,0.8322295805739515,0.8211382113821138
1,Meningioma,0.8322295805739515,0.8252032520325203
1,Meningioma,0.8498896247240618,0.8252032520325203
1,Meningioma,0.8498896247240618,0.8292682926829268
1,Meningioma,0.8543046357615894,0.8292682926829268
1,Meningioma,0.8543046357615894,0.8333333333333334
1,Meningioma,0.8609271523178808,0.8333333333333334
1,Meningioma,0.8609271523178808,0.8373983739837398
1,Meningioma,0.8631346578366446,0.8373983739837398
1,Meningioma,0.8631346578366446,0.8414634146341463
1,Meningioma,0.8653421633554084,0.8414634146341463
1,Meningioma,0.8653421633554084,0.8455284552845529
1,Meningioma,0.8675496688741722,0.8455284552845529
1,Meningioma,0.8675496688741722,0.8495934959349594
1,Meningioma,0.8763796909492274,0.8495934959349594
1,Meningioma,0.8763796909492274,0.8536585365853658
1,Meningioma,0.8830022075055187,0.8536585365853658
1,Meningioma,0.8830022075055187,0.8577235772357723
1,Meningioma,0.8852097130242825,0.8577235772357723
1,Meningioma,0.8852097130242825,0.8617886178861789
1,Meningioma,0.8874172185430463,0.8617886178861789
1,Meningioma,0.8874172185430463,0.8658536585365854
1,Meningioma,0.891832229580574,0.8658536585365854
1,Meningioma,0.891832229580574,0.8780487804878049
1,Meningioma,0.9116997792494481,0.8780487804878049
1,Meningioma,0.9116997792494481,0.8902439024390244
1,Meningioma,0.9139072847682119,0.8902439024390244
1,Meningioma,0.9139072847682119,0.8983739837398373
1,Meningioma,0.9205298013245033,0.8983739837398373
1,Meningioma,0.9205298013245033,0.9065040650406504
1,Meningioma,0.9227373068432672,0.9065040650406504
1,Meningioma,0.9227373068432672,0.9146341463414634
1,Meningioma,0.9271523178807947,0.9146341463414634
1,Meningioma,0.9271523178807947,0.926829268292683
1,Meningioma,0.9315673289183223,0.926829268292683
1,Meningioma,0.9315673289183223,0.9308943089430894
1,Meningioma,0.9337748344370861,0.9308943089430894
1,Meningioma,0.9337748344370861,0.9349593495934959
1,Meningioma,0.9426048565121413,0.9349593495934959
1,Meningioma,0.9426048565121413,0.9390243902439024
1,Meningioma,0.9448123620309051,0.9390243902439024
1,Meningioma,0.9448123620309051,0.943089430894309
1,Meningioma,0.9470198675496688,0.943089430894309
1,Meningioma,0.9470198675496688,0.9471544715447154
1,Meningioma,0.9492273730684326,0.9471544715447154
1,Meningioma,0.9492273730684326,0.9552845528455285
1,Meningioma,0.9514348785871964,0.9552845528455285
1,Meningioma,0.9514348785871964,0.959349593495935
1,Meningioma,0.9536423841059603,0.959349593495935
1,Meningioma,0.9536423841059603,0.9634146341463414
1,Meningioma,0.9624724061810155,0.9634146341463414
1,Meningioma,0.9624724061810155,0.967479674796748
1,Meningioma,0.9713024282560706,0.967479674796748
1,Meningioma,0.9713024282560706,0.9715447154471545
1,Meningioma,0.9735099337748344,0.9715447154471545
1,Meningioma,0.9735099337748344,0.975609756097561
1,Meningioma,0.9801324503311258,0.975609756097561
1,Meningioma,0.9801324503311258,0.9796747967479674
1,Meningioma,0.9867549668874173,0.9796747967479674
1,Meningioma,0.9867549668874173,0.983739837398374
1,Meningioma,0.9955849889624724,0.983739837398374
1,Meningioma,0.9955849889624724,0.9878048780487805
1,Meningioma,1.0,0.9878048780487805
1,Meningioma,1.0,1.0
2,Glioma,0.0,0.0
2,Glioma,0.0023148148148148147,0.0
2,Glioma,0.013888888888888888,0.0
2,Glioma,0.013888888888888888,0.003745318352059925
2,Glioma,0.018518518518518517,0.003745318352059925
2,Glioma,0.018518518518518517,0.00749063670411985
2,Glioma,0.023148148148148147,0.00749063670411985
2,Glioma,0.023148148148148147,0.011235955056179775
2,Glioma,0.027777777777777776,0.011235955056179775
2,Glioma,0.027777777777777776,0.0149812734082397
2,Glioma,0.03009259259259259,0.0149812734082397
2,Glioma,0.03009259259259259,0.018726591760299626
2,Glioma,0.03935185185185185,0.018726591760299626
2,Glioma,0.03935185185185185,0.02247191011235955
2,Glioma,0.04398148148148148,0.02247191011235955
2,Glioma,0.04398148148148148,0.0299625468164794
2,Glioma,0.05324074074074074,0.0299625468164794
2,Glioma,0.05324074074074074,0.033707865168539325
2,Glioma,0.05555555555555555,0.033707865168539325
2,Glioma,0.05555555555555555,0.03745318352059925
2,Glioma,0.06712962962962964,0.03745318352059925
2,Glioma,0.06712962962962964,0.04119850187265917
2,Glioma,0.06944444444444445,0.04119850187265917
2,Glioma,0.06944444444444445,0.0449438202247191
2,Glioma,0.07407407407407407,0.0449438202247191
2,Glioma,0.07407407407407407,0.04868913857677903
2,Glioma,0.0763888888888889,0.04868913857677903
2,Glioma,0.0763888888888889,0.056179775280898875
2,Glioma,0.08333333333333333,0.056179775280898875
2,Glioma,0.08333333333333333,0.06367041198501873
2,Glioma,0.08796296296296297,0.06367041198501873
2,Glioma,0.08796296296296297,0.06741573033707865
2,Glioma,0.09027777777777778,0.06741573033707865
2,Glioma,0.09027777777777778,0.07116104868913857
2,Glioma,0.09259259259259259,0.07116104868913857
2,Glioma,0.09259259259259259,0.07865168539325842
2,Glioma,0.09722222222222222,0.07865168539325842
2,Glioma,0.09722222222222222,0.08239700374531835
2,Glioma,0.10185185185185185,0.08239700374531835
2,Glioma,0.10185185185185185,0.08614232209737828
2,Glioma,0.1087962962962963,0.08614232209737828
2,Glioma,0.1087962962962963,0.09363295880149813
2,Glioma,0.11342592592592593,0.09363295880149813
2,Glioma,0.11342592592592593,0.09737827715355805
2,Glioma,0.11574074074074074,0.09737827715355805
2,Glioma,0.11574074074074074,0.10486891385767791
2,Glioma,0.11805555555555555,0.10486891385767791
2,Glioma,0.11805555555555555,0.10861423220973783
2,Glioma,0.12962962962962962,0.10861423220973783
2,Glioma,0.12962962962962962,0.11235955056179775
2,Glioma,0.13194444444444445,0.11235955056179775
2,Glioma,0.13194444444444445,0.1198501872659176
2,Glioma,0.1412037037037037,0.1198501872659176
2,Glioma,0.1412037037037037,0.12359550561797752
2,Glioma,0.14351851851851852,0.12359550561797752
2,Glioma,0.14351851851851852,0.12734082397003746
2,Glioma,0.15046296296296297,0.12734082397003746
2,Glioma,0.15046296296296297,0.14232209737827714
2,Glioma,0.1550925925925926,0.14232209737827714
2,Glioma,0.1550925925925926,0.149812734082397
2,Glioma,0.16203703703703703,0.149812734082397
2,Glioma,0.16203703703703703,0.15355805243445692
2,Glioma,0.16435185185185186,0.15355805243445692
2,Glioma,0.16435185185185186,0.16853932584269662
2,Glioma,0.1712962962962963,0.16853932584269662
2,Glioma,0.1712962962962963,0.17228464419475656
2,Glioma,0.17592592592592593,0.17228464419475656
2,Glioma,0.17592592592592593,0.1760299625468165
2,Glioma,0.18518518518518517,0.1760299625468165
2,Glioma,0.18518518518518517,0.1797752808988764
2,Glioma,0.19907407407407407,0.1797752808988764
2,Glioma,0.19907407407407407,0.18352059925093633
2,Glioma,0.2037037037037037,0.18352059925093633
2,Glioma,0.2037037037037037,0.1947565543071161
2,Glioma,0.20601851851851852,0.1947565543071161
2,Glioma,0.20601851851851852,0.20224719101123595
2,Glioma,0.20833333333333334,0.20224719101123595
2,Glioma,0.20833333333333334,0.20599250936329588
2,Glioma,0.21064814814814814,0.20599250936329588
2,Glioma,0.21064814814814814,0.21348314606741572
2,Glioma,0.21296296296296297,0.21348314606741572
2,Glioma,0.21296296296296297,0.21722846441947566
2,Glioma,0.2175925925925926,0.21722846441947566
2,Glioma,0.2175925925925926,0.23220973782771537
2,Glioma,0.22685185185185186,0.23220973782771537
2,Glioma,0.22685185185185186,0.24344569288389514
2,Glioma,0.22916666666666666,0.24344569288389514
2,Glioma,0.22916666666666666,0.250936329588015
2,Glioma,0.23148148148148148,0.250936329588015
2,Glioma,0.23148148148148148,0.25842696629213485
2,Glioma,0.2337962962962963,0.25842696629213485
2,Glioma,0.2337962962962963,0.2696629213483146
2,Glioma,0.24074074074074073,0.2696629213483146
2,Glioma,0.24074074074074073,0.27340823970037453
2,Glioma,0.24537037037037038,0.27340823970037453
2,Glioma,0.24537037037037038,0.27715355805243447
2,Glioma,0.2638888888888889,0.27715355805243447
2,Glioma,0.2638888888888889,0.2846441947565543
2,Glioma,0.2824074074074074,0.2846441947565543
2,Glioma,0.2824074074074074,0.2883895131086142
2,Glioma,0.2847222222222222,0.2883895131086142
2,Glioma,0.2847222222222222,0.29213483146067415
2,Glioma,0.28935185185185186,0.29213483146067415
2,Glioma,0.28935185185185186,0.2958801498127341
2,Glioma,0.2916666666666667,0.2958801498127341
2,Glioma,0.2916666666666667,0.299625468164794
2,Glioma,0.2962962962962963,0.299625468164794
2,Glioma,0.2962962962962963,0.30337078651685395
2,Glioma,0.30092592592592593,0.30337078651685395
2,Glioma,0.30092592592592593,0.31086142322097376
2,Glioma,0.3055555555555556,0.31086142322097376
2,Glioma,0.3055555555555556,0.32209737827715357
2,Glioma,0.3125,0.32209737827715357
2,Glioma,0.3125,0.3258426966292135
2,Glioma,0.31712962962962965,0.3258426966292135
2,Glioma,0.31712962962962965,0.3333333333333333
2,Glioma,0.3194444444444444,0.3333333333333333
2,Glioma,0.3194444444444444,0.3445692883895131
2,Glioma,0.32407407407407407,0.3445692883895131
2,Glioma,0.32407407407407407,0.34831460674157305
2,Glioma,0.3263888888888889,0.34831460674157305
2,Glioma,0.3263888888888889,0.352059925093633
2,Glioma,0.33101851851851855,0.352059925093633
2,Glioma,0.33101851851851855,0.35580524344569286
2,Glioma,0.3472222222222222,0.35580524344569286
2,Glioma,0.3472222222222222,0.3595505617977528
2,Glioma,0.35648148148148145,0.3595505617977528
2,Glioma,0.35648148148148145,0.36329588014981273
2,Glioma,0.3611111111111111,0.36329588014981273
2,Glioma,0.3611111111111111,0.3782771535580524
2,Glioma,0.375,0.3782771535580524
2,Glioma,0.375,0.38202247191011235
2,Glioma,0.38657407407407407,0.38202247191011235
2,Glioma,0.38657407407407407,0.3857677902621723
2,Glioma,0.3912037037037037,0.3857677902621723
2,Glioma,0.3912037037037037,0.3895131086142322
2,Glioma,0.40046296296296297,0.3895131086142322
2,Glioma,0.40046296296296297,0.3970037453183521
2,Glioma,0.4050925925925926,0.3970037453183521
2,Glioma,0.4050925925925926,0.40074906367041196
2,Glioma,0.41203703703703703,0.40074906367041196
2,Glioma,0.41203703703703703,0.4044943820224719
2,Glioma,0.41435185185185186,0.4044943820224719
2,Glioma,0.41435185185185186,0.40823970037453183
2,Glioma,0.4166666666666667,0.40823970037453183
2,Glioma,0.4166666666666667,0.41198501872659177
2,Glioma,0.4212962962962963,0.41198501872659177
2,Glioma,0.4212962962962963,0.4157303370786517
2,Glioma,0.42592592592592593,0.4157303370786517
2,Glioma,0.42592592592592593,0.41947565543071164
2,Glioma,0.4305555555555556,0.41947565543071164
2,Glioma,0.4305555555555556,0.4232209737827715
2,Glioma,0.4398148148148148,0.4232209737827715
2,Glioma,0.4398148148148148,0.4307116104868914
2,Glioma,0.44675925925925924,0.4307116104868914
2,Glioma,0.44675925925925924,0.43820224719101125
2,Glioma,0.4537037037037037,0.43820224719101125
2,Glioma,0.4537037037037037,0.4419475655430712
2,Glioma,0.45601851851851855,0.4419475655430712
2,Glioma,0.45601851851851855,0.44569288389513106
2,Glioma,0.46296296296296297,0.44569288389513106
2,Glioma,0.46296296296296297,0.45318352059925093
2,Glioma,0.4699074074074074,0.45318352059925093
2,Glioma,0.4699074074074074,0.4606741573033708
2,Glioma,0.4722222222222222,0.4606741573033708
2,Glioma,0.4722222222222222,0.46441947565543074
2,Glioma,0.47685185185185186,0.46441947565543074
2,Glioma,0.47685185185185186,0.4681647940074906
2,Glioma,0.48148148148148145,0.4681647940074906
2,Glioma,0.48148148148148145,0.47191011235955055
2,Glioma,0.49537037037037035,0.47191011235955055
2,Glioma,0.49537037037037035,0.49063670411985016
2,Glioma,0.5138888888888888,0.49063670411985016
2,Glioma,0.5138888888888888,0.4943820224719101
2,Glioma,0.5208333333333334,0.4943820224719101
2,Glioma,0.5208333333333334,0.49812734082397003
2,Glioma,0.5393518518518519,0.49812734082397003
2,Glioma,0.5393518518518519,0.5056179775280899
2,Glioma,0.5416666666666666,0.5056179775280899
2,Glioma,0.5416666666666666,0.5093632958801498
2,Glioma,0.5439814814814815,0.5093632958801498
2,Glioma,0.5439814814814815,0.5168539325842697
2,Glioma,0.5462962962962963,0.5168539325842697
2,Glioma,0.5462962962962963,0.5205992509363296
2,Glioma,0.5486111111111112,0.5205992509363296
2,Glioma,0.5486111111111112,0.5355805243445693
2,Glioma,0.5509259259259259,0.5355805243445693
2,Glioma,0.5509259259259259,0.5393258426966292
2,Glioma,0.5532407407407407,0.5393258426966292
2,Glioma,0.5532407407407407,0.5430711610486891
2,Glioma,0.5601851851851852,0.5430711610486891
2,Glioma,0.5601851851851852,0.5543071161048689
2,Glioma,0.5694444444444444,0.5543071161048689
2,Glioma,0.5694444444444444,0.5580524344569289
2,Glioma,0.5740740740740741,0.5580524344569289
2,Glioma,0.5740740740740741,0.5655430711610487
2,Glioma,0.5763888888888888,0.5655430711610487
2,Glioma,0.5763888888888888,0.5692883895131086
2,Glioma,0.5833333333333334,0.5692883895131086
2,Glioma,0.5833333333333334,0.5805243445692884
2,Glioma,0.5856481481481481,0.5805243445692884
2,Glioma,0.5856481481481481,0.5842696629213483
2,Glioma,0.5995370370370371,0.5842696629213483
2,Glioma,0.5995370370370371,0.5880149812734082
2,Glioma,0.6064814814814815,0.5880149812734082
2,Glioma,0.6064814814814815,0.5917602996254682
2,Glioma,0.6087962962962963,0.5917602996254682
2,Glioma,0.6087962962962963,0.5955056179775281
2,Glioma,0.6180555555555556,0.5955056179775281
2,Glioma,0.6180555555555556,0.602996254681648
2,Glioma,0.6226851851851852,0.602996254681648
2,Glioma,0.6226851851851852,0.6067415730337079
2,Glioma,0.625,0.6067415730337079
2,Glioma,0.625,0.6142322097378277
2,Glioma,0.6319444444444444,0.6142322097378277
2,Glioma,0.6319444444444444,0.6179775280898876
2,Glioma,0.6504629629629629,0.6179775280898876
2,Glioma,0.6504629629629629,0.6217228464419475
2,Glioma,0.6597222222222222,0.6217228464419475
2,Glioma,0.6597222222222222,0.6254681647940075
2,Glioma,0.6666666666666666,0.6254681647940075
2,Glioma,0.6666666666666666,0.6329588014981273
2,Glioma,0.6689814814814815,0.6329588014981273
2,Glioma,0.6689814814814815,0.6404494382022472
2,Glioma,0.6805555555555556,0.6404494382022472
2,Glioma,0.6805555555555556,0.6441947565543071
2,Glioma,0.6851851851851852,0.6441947565543071
2,Glioma,0.6851851851851852,0.6479400749063671
2,Glioma,0.6875,0.6479400749063671
2,Glioma,0.6875,0.6554307116104869
2,Glioma,0.6990740740740741,0.6554307116104869
2,Glioma,0.6990740740740741,0.6666666666666666
2,Glioma,0.7106481481481481,0.6666666666666666
2,Glioma,0.7106481481481481,0.6741573033707865
2,Glioma,0.7245370370370371,0.6741573033707865
2,Glioma,0.7245370370370371,0.6779026217228464
2,Glioma,0.7268518518518519,0.6779026217228464
2,Glioma,0.7268518518518519,0.6816479400749064
2,Glioma,0.7337962962962963,0.6816479400749064
2,Glioma,0.7337962962962963,0.6853932584269663
2,Glioma,0.7407407407407407,0.6853932584269663
2,Glioma,0.7407407407407407,0.700374531835206
2,Glioma,0.7546296296296297,0.700374531835206
2,Glioma,0.7546296296296297,0.704119850187266
2,Glioma,0.7569444444444444,0.704119850187266
2,Glioma,0.7569444444444444,0.7153558052434457
2,Glioma,0.7592592592592593,0.7153558052434457
2,Glioma,0.7592592592592593,0.7228464419475655
2,Glioma,0.7615740740740741,0.7228464419475655
2,Glioma,0.7615740740740741,0.7303370786516854
2,Glioma,0.7754629629629629,0.7303370786516854
2,Glioma,0.7754629629629629,0.7453183520599251
2,Glioma,0.7777777777777778,0.7453183520599251
2,Glioma,0.7777777777777778,0.7528089887640449
2,Glioma,0.7847222222222222,0.7528089887640449
2,Glioma,0.7847222222222222,0.7565543071161048
2,Glioma,0.7893518518518519,0.7565543071161048
2,Glioma,0.7893518518518519,0.7640449438202247
2,Glioma,0.7916666666666666,0.7640449438202247
2,Glioma,0.7916666666666666,0.7715355805243446
2,Glioma,0.8009259259259259,0.7715355805243446
2,Glioma,0.8009259259259259,0.7752808988764045
2,Glioma,0.8078703703703703,0.7752808988764045
2,Glioma,0.8078703703703703,0.7827715355805244
2,Glioma,0.8101851851851852,0.7827715355805244
2,Glioma,0.8101851851851852,0.7865168539325843
2,Glioma,0.8125,0.7865168539325843
2,Glioma,0.8125,0.797752808988764
2,Glioma,0.8217592592592593,0.797752808988764
2,Glioma,0.8217592592592593,0.8014981273408239
2,Glioma,0.8240740740740741,0.8014981273408239
2,Glioma,0.8240740740740741,0.8089887640449438
2,Glioma,0.8287037037037037,0.8089887640449438
2,Glioma,0.8287037037037037,0.8164794007490637
2,Glioma,0.8379629629629629,0.8164794007490637
2,Glioma,0.8379629629629629,0.8389513108614233
2,Glioma,0.8402777777777778,0.8389513108614233
2,Glioma,0.8402777777777778,0.846441947565543
2,Glioma,0.8425925925925926,0.846441947565543
2,Glioma,0.8425925925925926,0.8576779026217228
2,Glioma,0.8449074074074074,0.8576779026217228
2,Glioma,0.8449074074074074,0.8651685393258427
2,Glioma,0.8472222222222222,0.8651685393258427
2,Glioma,0.8472222222222222,0.8726591760299626
2,Glioma,0.8541666666666666,0.8726591760299626
2,Glioma,0.8541666666666666,0.8801498127340824
2,Glioma,0.8611111111111112,0.8801498127340824
2,Glioma,0.8611111111111112,0.8838951310861424
2,Glioma,0.8726851851851852,0.8838951310861424
2,Glioma,0.8726851851851852,0.8876404494382022
2,Glioma,0.875,0.8876404494382022
2,Glioma,0.875,0.8913857677902621
2,Glioma,0.8842592592592593,0.8913857677902621
2,Glioma,0.8842592592592593,0.898876404494382
2,Glioma,0.8935185185185185,0.898876404494382
2,Glioma,0.8935185185185185,0.9063670411985019
2,Glioma,0.8958333333333334,0.9063670411985019
2,Glioma,0.8958333333333334,0.9138576779026217
2,Glioma,0.9004629629629629,0.9138576779026217
2,Glioma,0.9004629629629629,0.9176029962546817
2,Glioma,0.9027777777777778,0.9176029962546817
2,Glioma,0.9027777777777778,0.9250936329588015
2,Glioma,0.9097222222222222,0.9250936329588015
2,Glioma,0.9097222222222222,0.9288389513108615
2,Glioma,0.9189814814814815,0.9288389513108615
2,Glioma,0.9189814814814815,0.9325842696629213
2,Glioma,0.9259259259259259,0.9325842696629213
2,Glioma,0.9259259259259259,0.9363295880149812
2,Glioma,0.9328703703703703,0.9363295880149812
2,Glioma,0.9328703703703703,0.947565543071161
2,Glioma,0.9351851851851852,0.947565543071161
2,Glioma,0.9351851851851852,0.9588014981273408
2,Glioma,0.9375,0.9588014981273408
2,Glioma,0.9375,0.9662921348314607
2,Glioma,0.9421296296296297,0.9662921348314607
2,Glioma,0.9421296296296297,0.9700374531835206
2,Glioma,0.9444444444444444,0.9700374531835206
2,Glioma,0.9444444444444444,0.9737827715355806
2,Glioma,0.9583333333333334,0.9737827715355806
2,Glioma,0.9583333333333334,0.9775280898876404
2,Glioma,0.9745370370370371,0.9775280898876404
2,Glioma,0.9745370370370371,0.9850187265917603
2,Glioma,0.9814814814814815,0.9850187265917603
2,Glioma,0.9814814814814815,0.9887640449438202
2,Glioma,0.9976851851851852,0.9887640449438202
2,Glioma,0.9976851851851852,0.9962546816479401
2,Glioma,1.0,0.9962546816479401
2,Glioma,1.0,1.0
3,Pituitary,0.0,0.0
3,Pituitary,0.001949317738791423,0.0
3,Pituitary,0.029239766081871343,0.0
3,Pituitary,0.029239766081871343,0.005376344086021506
3,Pituitary,0.03313840155945419,0.005376344086021506
3,Pituitary,0.03313840155945419,0.010752688172043012
3,Pituitary,0.037037037037037035,0.010752688172043012
3,Pituitary,0.037037037037037035,0.016129032258064516
3,Pituitary,0.05458089668615984,0.016129032258064516
3,Pituitary,0.05458089668615984,0.021505376344086023
3,Pituitary,0.06237816764132553,0.021505376344086023
3,Pituitary,0.06237816764132553,0.026881720430107527
3,Pituitary,0.06432748538011696,0.026881720430107527
3,Pituitary,0.06432748538011696,0.03763440860215054
3,Pituitary,0.07017543859649122,0.03763440860215054
3,Pituitary,0.07017543859649122,0.043010752688172046
3,Pituitary,0.07212475633528265,0.043010752688172046
3,Pituitary,0.07212475633528265,0.04838709677419355
3,Pituitary,0.07602339181286549,0.04838709677419355
3,Pituitary,0.07602339181286549,0.053763440860215055
3,Pituitary,0.09161793372319688,0.053763440860215055
3,Pituitary,0.09161793372319688,0.05913978494623656
3,Pituitary,0.11500974658869395,0.05913978494623656
3,Pituitary,0.11500974658869395,0.06451612903225806
3,Pituitary,0.12475633528265107,0.06451612903225806
3,Pituitary,0.12475633528265107,0.07526881720430108
3,Pituitary,0.14035087719298245,0.07526881720430108
3,Pituitary,0.14035087719298245,0.08064516129032258
3,Pituitary,0.15789473684210525,0.08064516129032258
3,Pituitary,0.15789473684210525,0.08602150537634409
3,Pituitary,0.1617933723196881,0.08602150537634409
3,Pituitary,0.1617933723196881,0.0967741935483871
3,Pituitary,0.17153996101364521,0.0967741935483871
3,Pituitary,0.17153996101364521,0.10215053763440861
3,Pituitary,0.17543859649122806,0.10215053763440861
3,Pituitary,0.17543859649122806,0.10752688172043011
3,Pituitary,0.18128654970760233,0.10752688172043011
3,Pituitary,0.18128654970760233,0.11290322580645161
3,Pituitary,0.18323586744639375,0.11290322580645161
3,Pituitary,0.18323586744639375,0.12903225806451613
3,Pituitary,0.18908382066276802,0.12903225806451613
3,Pituitary,0.18908382066276802,0.13440860215053763
3,Pituitary,0.1968810916179337,0.13440860215053763
3,Pituitary,0.1968810916179337,0.14516129032258066
3,Pituitary,0.2046783625730994,0.14516129032258066
3,Pituitary,0.2046783625730994,0.15591397849462366
3,Pituitary,0.21052631578947367,0.15591397849462366
3,Pituitary,0.21052631578947367,0.17204301075268819
3,Pituitary,0.2222222222222222,0.17204301075268819
3,Pituitary,0.2222222222222222,0.1881720430107527
3,Pituitary,0.2300194931773879,0.1881720430107527
3,Pituitary,0.2300194931773879,0.1935483870967742
3,Pituitary,0.23196881091617932,0.1935483870967742
3,Pituitary,0.23196881091617932,0.1989247311827957
3,Pituitary,0.23976608187134502,0.1989247311827957
3,Pituitary,0.23976608187134502,0.21505376344086022
3,Pituitary,0.253411306042885,0.21505376344086022
3,Pituitary,0.253411306042885,0.22043010752688172
3,Pituitary,0.25925925925925924,0.22043010752688172
3,Pituitary,0.25925925925925924,0.23118279569892472
3,Pituitary,0.2651072124756335,0.23118279569892472
3,Pituitary,0.2651072124756335,0.25806451612903225
3,Pituitary,0.26705653021442494,0.25806451612903225
3,Pituitary,0.26705653021442494,0.26344086021505375
3,Pituitary,0.26900584795321636,0.26344086021505375
3,Pituitary,0.26900584795321636,0.26881720430107525
3,Pituitary,0.2709551656920078,0.26881720430107525
3,Pituitary,0.2709551656920078,0.27419354838709675
3,Pituitary,0.2884990253411306,0.27419354838709675
3,Pituitary,0.2884990253411306,0.2849462365591398
3,Pituitary,0.29239766081871343,0.2849462365591398
3,Pituitary,0.29239766081871343,0.2903225806451613
3,Pituitary,0.29434697855750486,0.2903225806451613
3,Pituitary,0.29434697855750486,0.3010752688172043
3,Pituitary,0.3001949317738791,0.3010752688172043
3,Pituitary,0.3001949317738791,0.3118279569892473
3,Pituitary,0.30214424951267055,0.3118279569892473
3,Pituitary,0.30214424951267055,0.3172043010752688
3,Pituitary,0.30409356725146197,0.3172043010752688
3,Pituitary,0.30409356725146197,0.3225806451612903
3,Pituitary,0.31189083820662766,0.3225806451612903
3,Pituitary,0.31189083820662766,0.3333333333333333
3,Pituitary,0.31968810916179335,0.3333333333333333
3,Pituitary,0.31968810916179335,0.34408602150537637
3,Pituitary,0.3235867446393762,0.34408602150537637
3,Pituitary,0.3235867446393762,0.34946236559139787
3,Pituitary,0.32748538011695905,0.34946236559139787
3,Pituitary,0.32748538011695905,0.3548387096774194
3,Pituitary,0.32943469785575047,0.3548387096774194
3,Pituitary,0.32943469785575047,0.3602150537634409
3,Pituitary,0.33723196881091616,0.3602150537634409
3,Pituitary,0.33723196881091616,0.3709677419354839
3,Pituitary,0.341130604288499,0.3709677419354839
3,Pituitary,0.341130604288499,0.3817204301075269
3,Pituitary,0.35477582846003897,0.3817204301075269
3,Pituitary,0.35477582846003897,0.3870967741935484
3,Pituitary,0.3567251461988304,0.3870967741935484
3,Pituitary,0.3567251461988304,0.3924731182795699
3,Pituitary,0.3820662768031189,0.3924731182795699
3,Pituitary,0.3820662768031189,0.3978494623655914
3,Pituitary,0.3840155945419103,0.3978494623655914
3,Pituitary,0.3840155945419103,0.4032258064516129
3,Pituitary,0.38791423001949316,0.4032258064516129
3,Pituitary,0.38791423001949316,0.41935483870967744
3,Pituitary,0.39571150097465885,0.41935483870967744
3,Pituitary,0.39571150097465885,0.42473118279569894
3,Pituitary,0.40350877192982454,0.42473118279569894
3,Pituitary,0.40350877192982454,0.45161290322580644
3,Pituitary,0.40545808966861596,0.45161290322580644
3,Pituitary,0.40545808966861596,0.46236559139784944
3,Pituitary,0.4269005847953216,0.46236559139784944
3,Pituitary,0.4269005847953216,0.46774193548387094
3,Pituitary,0.4346978557504873,0.46774193548387094
3,Pituitary,0.4346978557504873,0.4731182795698925
3,Pituitary,0.4444444444444444,0.4731182795698925
3,Pituitary,0.4444444444444444,0.478494623655914
3,Pituitary,0.4522417153996101,0.478494623655914
3,Pituitary,0.4522417153996101,0.489247311827957
3,Pituitary,0.46588693957115007,0.489247311827957
3,Pituitary,0.46588693957115007,0.4946236559139785
3,Pituitary,0.4697855750487329,0.4946236559139785
3,Pituitary,0.4697855750487329,0.5
3,Pituitary,0.4775828460038986,0.5
3,Pituitary,0.4775828460038986,0.510752688172043
3,Pituitary,0.47953216374269003,0.510752688172043
3,Pituitary,0.47953216374269003,0.521505376344086
3,Pituitary,0.48148148148148145,0.521505376344086
3,Pituitary,0.48148148148148145,0.5268817204301075
3,Pituitary,0.49902534113060426,0.5268817204301075
3,Pituitary,0.49902534113060426,0.532258064516129
3,Pituitary,0.5185185185185185,0.532258064516129
3,Pituitary,0.5185185185185185,0.5376344086021505
3,Pituitary,0.5243664717348928,0.5376344086021505
3,Pituitary,0.5243664717348928,0.543010752688172
3,Pituitary,0.5282651072124757,0.543010752688172
3,Pituitary,0.5282651072124757,0.5483870967741935
3,Pituitary,0.5341130604288499,0.5483870967741935
3,Pituitary,0.5341130604288499,0.553763440860215
3,Pituitary,0.5380116959064327,0.553763440860215
3,Pituitary,0.5380116959064327,0.5591397849462365
3,Pituitary,0.5419103313840156,0.5591397849462365
3,Pituitary,0.5419103313840156,0.5645161290322581
3,Pituitary,0.543859649122807,0.5645161290322581
3,Pituitary,0.543859649122807,0.5698924731182796
3,Pituitary,0.5497076023391813,0.5698924731182796
3,Pituitary,0.5497076023391813,0.5806451612903226
3,Pituitary,0.5672514619883041,0.5806451612903226
3,Pituitary,0.5672514619883041,0.5913978494623656
3,Pituitary,0.571150097465887,0.5913978494623656
3,Pituitary,0.571150097465887,0.5967741935483871
3,Pituitary,0.594541910331384,0.5967741935483871
3,Pituitary,0.594541910331384,0.6021505376344086
3,Pituitary,0.5984405458089669,0.6021505376344086
3,Pituitary,0.5984405458089669,0.6075268817204301
3,Pituitary,0.6003898635477583,0.6075268817204301
3,Pituitary,0.6003898635477583,0.6129032258064516
3,Pituitary,0.6062378167641326,0.6129032258064516
3,Pituitary,0.6062378167641326,0.6182795698924731
3,Pituitary,0.621832358674464,0.6182795698924731
3,Pituitary,0.621832358674464,0.6344086021505376
3,Pituitary,0.6237816764132553,0.6344086021505376
3,Pituitary,0.6237816764132553,0.6397849462365591
3,Pituitary,0.6335282651072125,0.6397849462365591
3,Pituitary,0.6335282651072125,0.6559139784946236
3,Pituitary,0.6510721247563352,0.6559139784946236
3,Pituitary,0.6510721247563352,0.6666666666666666
3,Pituitary,0.6627680311890838,0.6666666666666666
3,Pituitary,0.6627680311890838,0.6720430107526881
3,Pituitary,0.6666666666666666,0.6720430107526881
3,Pituitary,0.6666666666666666,0.6774193548387096
3,Pituitary,0.6783625730994152,0.6774193548387096
3,Pituitary,0.6783625730994152,0.6827956989247311
3,Pituitary,0.6842105263157895,0.6827956989247311
3,Pituitary,0.6842105263157895,0.6881720430107527
3,Pituitary,0.6861598440545809,0.6881720430107527
3,Pituitary,0.6861598440545809,0.6935483870967742
3,Pituitary,0.6920077972709552,0.6935483870967742
3,Pituitary,0.6920077972709552,0.7096774193548387
3,Pituitary,0.6939571150097466,0.7096774193548387
3,Pituitary,0.6939571150097466,0.7150537634408602
3,Pituitary,0.7017543859649122,0.7150537634408602
3,Pituitary,0.7017543859649122,0.7204301075268817
3,Pituitary,0.7037037037037037,0.7204301075268817
3,Pituitary,0.7037037037037037,0.7258064516129032
3,Pituitary,0.7095516569200779,0.7258064516129032
3,Pituitary,0.7095516569200779,0.7311827956989247
3,Pituitary,0.7173489278752436,0.7311827956989247
3,Pituitary,0.7173489278752436,0.7473118279569892
3,Pituitary,0.7348927875243665,0.7473118279569892
3,Pituitary,0.7348927875243665,0.7526881720430108
3,Pituitary,0.7368421052631579,0.7526881720430108
3,Pituitary,0.7368421052631579,0.7634408602150538
3,Pituitary,0.7387914230019493,0.7634408602150538
3,Pituitary,0.7387914230019493,0.7688172043010753
3,Pituitary,0.7426900584795322,0.7688172043010753
3,Pituitary,0.7426900584795322,0.7903225806451613
3,Pituitary,0.7446393762183235,0.7903225806451613
3,Pituitary,0.7446393762183235,0.8118279569892473
3,Pituitary,0.7504873294346979,0.8118279569892473
3,Pituitary,0.7504873294346979,0.8172043010752689
3,Pituitary,0.7563352826510721,0.8172043010752689
3,Pituitary,0.7563352826510721,0.8225806451612904
3,Pituitary,0.7641325536062378,0.8225806451612904
3,Pituitary,0.7641325536062378,0.8279569892473119
3,Pituitary,0.7660818713450293,0.8279569892473119
3,Pituitary,0.7660818713450293,0.8333333333333334
3,Pituitary,0.7875243664717348,0.8333333333333334
3,Pituitary,0.7875243664717348,0.8440860215053764
3,Pituitary,0.8011695906432749,0.8440860215053764
3,Pituitary,0.8011695906432749,0.8602150537634409
3,Pituitary,0.8050682261208577,0.8602150537634409
3,Pituitary,0.8050682261208577,0.8655913978494624
3,Pituitary,0.8226120857699805,0.8655913978494624
3,Pituitary,0.8226120857699805,0.8709677419354839
3,Pituitary,0.8304093567251462,0.8709677419354839
3,Pituitary,0.8304093567251462,0.8763440860215054
3,Pituitary,0.8401559454191033,0.8763440860215054
3,Pituitary,0.8401559454191033,0.8817204301075269
3,Pituitary,0.8421052631578947,0.8817204301075269
3,Pituitary,0.8421052631578947,0.8870967741935484
3,Pituitary,0.8771929824561403,0.8870967741935484
3,Pituitary,0.8771929824561403,0.8978494623655914
3,Pituitary,0.8810916179337231,0.8978494623655914
3,Pituitary,0.8810916179337231,0.9032258064516129
3,Pituitary,0.884990253411306,0.9032258064516129
3,Pituitary,0.884990253411306,0.9086021505376344
3,Pituitary,0.8869395711500975,0.9086021505376344
3,Pituitary,0.8869395711500975,0.9139784946236559
3,Pituitary,0.9005847953216374,0.9139784946236559
3,Pituitary,0.9005847953216374,0.9193548387096774
3,Pituitary,0.9103313840155945,0.9193548387096774
3,Pituitary,0.9103313840155945,0.9247311827956989
3,Pituitary,0.9181286549707602,0.9247311827956989
3,Pituitary,0.9181286549707602,0.9301075268817204
3,Pituitary,0.9259259259259259,0.9301075268817204
3,Pituitary,0.9259259259259259,0.9408602150537635
3,Pituitary,0.9551656920077972,0.9408602150537635
3,Pituitary,0.9551656920077972,0.946236559139785
3,Pituitary,0.9629629629629629,0.946236559139785
3,Pituitary,0.9629629629629629,0.956989247311828
3,Pituitary,0.9649122807017544,0.956989247311828
3,Pituitary,0.9649122807017544,0.978494623655914
3,Pituitary,0.9746588693957114,0.978494623655914
3,Pituitary,0.9746588693957114,0.9838709677419355
3,Pituitary,0.9766081871345029,0.9838709677419355
3,Pituitary,0.9766081871345029,0.9946236559139785
3,Pituitary,0.9922027290448343,0.9946236559139785
3,Pituitary,0.9922027290448343,1.0
3,Pituitary,1.0,1.0
